Albania,Algeria,Andorra,Angola,Antigua and Barbuda,Argentina,Armenia,Aruba,Australia,Austria,Azerbaijan,Bahamas,Bahrain,Bangladesh,Barbados,Belarus,Belgium,Belize,Benin,Bermuda,Bhutan,Bolivia,Botswana,Brazil,British Virgin Islands,Brunei Darussalam,Bulgaria,Burkina Faso,Burundi,Cabo Verde,Cambodia,Cameroon,Canada,Central African Republic,Chad,Chile,China,Colombia,Congo,Costa Rica,Côte d'Ivoire,Croatia,Cuba,Cyprus,Czechia,Democratic Republic of the Congo,Denmark,Djibouti,Dominica,Dominican Republic,Ecuador,Egypt,El Salvador,Equatorial Guinea,Estonia,Eswatini,Ethiopia,Fiji,Finland,France,Gabon,Gambia,Georgia,Germany,Ghana,Greece,Grenada,Guatemala,Guinea,Guinea-Bissau,Guyana,Haiti,Honduras,Hong Kong (China),Hungary,Iceland,India,Indonesia,Iran,Ireland,Isle of Man,Israel,Italy,Jamaica,Japan,Jersey,Jordan,Kazakhstan,Kenya,Kiribati,Kuwait,Kyrgyz Republic,Lao People's Democratic Republic,Latvia,Lebanon,Lesotho,Liberia,Libya,Liechtenstein,Lithuania,Luxembourg,Madagascar,Malawi,Malaysia,Mali,Malta,Marshall Islands,Mauritania,Mauritius,Mexico,Micronesia,Moldova,Monaco,Morocco,Mozambique,Myanmar,Namibia,Nepal,Netherlands,New Zealand,Nicaragua,Niger,Nigeria,North Macedonia,Norway,Oman,Pakistan,Palau,Panama,Papua New Guinea,Paraguay,Peru,Philippines,Poland,Portugal,Qatar,Romania,Russian Federation,Rwanda,Saint Lucia,Saint Vincent and the Grenadines,Samoa,San Marino,Sao Tome and Principe,Saudi Arabia,Senegal,Serbia,Seychelles,Sierra Leone,Singapore,Slovakia,Slovenia,Solomon Islands,South Africa,South Korea,Spain,Sri Lanka,Sudan,Suriname,Sweden,Switzerland,Syrian Arab Republic,Taiwan (China),Tajikistan,Tanzania,Thailand,Togo,Trinidad and Tobago,Tunisia,Türkiye,Turkmenistan,Uganda,Ukraine,United Kingdom,United States of America,Uruguay,Uzbekistan,Vanuatu,Venezuela,Vietnam,Yemen,Zambia,Zimbabwe
3480355258,54790392746,1429049198,9129594819,826370370.4,2.84204E+11,1911563669,1873184358,4.15576E+11,1.9729E+11,5272798391,8076470000,9062898936,53369787319,3059500000,12736856828,2.36792E+11,832072450,3519991326,3480219000,424464089.9,8397912525,5788329609,6.55448E+11,,6001153306,13245833844,2968369991,870486065.9,539227277.6,3654031716,10566578953,7.44773E+11,916777282.7,1388506727,78249883996,1.21135E+12,99886577331,3227927697,15013629659,16577533355,21839780971,30565400000,9985844486,61828166496,19088046306,1.64159E+11,551230861.9,333470370.4,24305717542,18327764882,99838543960,11784927700,1045998496,5686579748,1738100853,8242392104,1678239218,1.2602E+11,1.36564E+12,5080483464,782915402.4,3057475335,1.94798E+12,4983024408,1.30458E+11,520044370.4,19288827159,2995361141,371095510.1,712667896.7,6813577558,7186650135,1.71668E+11,47218405892,9025660362,4.68395E+11,1.65021E+11,1.09592E+11,1.00208E+11,1563667800,1.32456E+11,1.14668E+12,9005064475,4.96836E+12,,8460424401,18291994909,12705357103,67254174.4,37712842243,1369688498,1731198022,7958852839,17260364842,887295267.9,874000000,38270206950,2483953103,11524776867,21230182989,4629247091,1743506531,93789736842,2961484954,4069515579,115347500,1779523344,4663313620,7.07907E+11,233271800,1288429392,2647885849,38857251336,5656473652,6849321646,3922247990,5494252208,4.17479E+11,52623281957,5107329007,2241753120,69448756933,3772857145,1.71247E+11,19507452536,82017743416,146297500,12304115000,3521339699,8855705140,51744749133,83669693589,1.72219E+11,1.18605E+11,17759890110,37253259017,2.5971E+11,2067579822,932592592.6,427946038.7,258856138.7,1005159388,,1.89515E+11,6013184809,6875845987,614879764.8,635874002.2,96074477958,,20289627637,419845231.8,1.51753E+11,5.76178E+11,5.98363E+11,16330814180,12257418326,947671969.7,2.62835E+11,2.79841E+11,80590022272,,860521119.3,13375976354,1.26392E+11,1491891108,8154338233,21473261837,2.74303E+11,2904662605,6193246837,32375280321,1.66213E+12,1.02509E+13,22823255802,13760513969,272014693.1,,31172518403,9652436180,3600683040,6689957600
3922100794,54744712815,1546926175,8936063723,800481481.5,2.68697E+11,2118467913,1896648045,3.79084E+11,1.97509E+11,5707720391,8317830000,8976196809,53991289844,3054500000,12354820144,2.36746E+11,871590369.3,3666222600,3680483000,461444513.7,8141537877,5489608300,5.59984E+11,,5601090584,14183497963,3190371050,876794723.1,563024383.3,3984000517,10953485244,7.38982E+11,932648604.4,1710843361,71517080041,1.3394E+12,98211749596,2796704603,15976174337,16810536884,23273640257,31682400000,10397897086,67808032980,7438189100,1.64791E+11,572417440.8,340203703.7,25601765401,24468324000,96684636119,12282533600,1461139022,6254649539,1542477309,8231326016,1652464201,1.29533E+11,1.37766E+12,5023265365,687408804.6,3219488664,1.94579E+12,5314909954,1.36309E+11,520444185.2,18405203853,2829435957,392621385.9,712167575.6,6331961555,7651174661,1.69403E+11,53749989092,8234846805,4.85441E+11,1.60447E+11,1.26879E+11,1.09347E+11,1659131244,1.30816E+11,1.16802E+12,9194717836,4.37471E+12,,8975689845,22152694162,12986007426,63101272.37,34887512227,1525116370,1768619058,8362398702,17649751244,825706961.2,906000000,34110064452,2491822707,12237388002,21387533703,5438332738,1716502862,92783947368,3468337941,4088368978,122824000,1746064719,4613630623,7.56706E+11,240970900,1480673594,2718868306,39459581217,5398568544,6220270632,3557333364,6007055042,4.31587E+11,53872425917,5323146566,2448714681,74030364472,3709637830,1.73972E+11,19452000520,79484403985,156907900,12502013400,3081024212,8495806432,52030158775,78921234458,1.90905E+11,1.21604E+11,17538461538,40394824679,3.06602E+11,1965500949,892592592.6,462072315.6,266299603.5,1077413479,75951210.69,1.84137E+11,6507824767,12960538724,622262057.2,1090467712,89794943350,,20876309970,409507389.2,1.3543E+11,5.47658E+11,6.2783E+11,15749753805,15716489370,834279357.8,2.42396E+11,2.87227E+11,86771314031,,1080768907,13581644246,1.20296E+11,1482437752,8824873259,22066031834,2.01751E+11,3534803922,5840503869,39309580983,1.64391E+12,1.05819E+13,20898788417,11401421329,257926881.7,,32685198735,9861560095,4094480988,6777384700
4348068242,56760355865,1755910032,15285594828,814381481.5,97724004252,2376335048,1962011173,3.95343E+11,2.14395E+11,6235856820,8881160000,9593510638,54724081491,3106500000,14594249023,2.58384E+11,932292858.9,4194342849,3937228000,520849551.5,7905485146,5438857107,5.09795E+11,,5843329108,16402846413,3622350204,825394490.2,620974660.2,4284028483,12417251816,7.60649E+11,996068145.6,1997005787,70294892400,1.47055E+12,97963003805,3034250926,16578820687,18054384023,27074550258,33590500000,11420227885,82196001051,8728038525,1.78635E+11,591122039.6,333196296.3,27137508657,28548945000,85146067416,12664190300,1806742742,7367975888,1432228125,7850809498,1833279985,1.40404E+11,1.50141E+12,5335451308,578236035.1,3395728014,2.07848E+12,6166330136,1.54564E+11,540336925.9,20444205991,2950198649,417806667.1,726131434.7,6058134467,7858235333,1.66349E+11,67608919144,9318395055,5.14938E+11,1.95661E+11,1.28627E+11,1.28596E+11,1947332922,1.21148E+11,1.27677E+12,9719017926,4.18285E+12,,9582453032,24636593223,13147743911,72196457.68,38137545245,1605643105,1758176653,9557031605,19152238806,775780697.7,927000000,20481889764,2688630823,14259781159,23649833332,5351701534,3495748398,1.00846E+11,3908121310,4470446391,131738200,1777058593,4841310240,7.72106E+11,242517200,1661818168,2968987019,42236836821,5677003239,6110632858,3349184760,6050875807,4.73862E+11,66627729311,5224213018,2782192987,95385819321,4018365247,1.95524E+11,20142756047,79904985385,163184900,12994310400,2999511040,7196260657,54777553515,84307291974,1.99072E+11,1.34796E+11,19363736264,46066101951,3.4547E+11,1964832512,900000000,487763848.9,281793614.9,1168269231,85171308.17,1.89606E+11,7006402592,17120906918,697518248.2,1253340520,92537752709,,23489890274,346405301.7,1.29088E+11,6.27246E+11,7.08757E+11,16536535647,18136839087,1093574468,2.66849E+11,3.10176E+11,90558485523,,1221120799,14142035080,1.34301E+11,1706698099,9008273721,23142153760,2.40253E+11,4461978499,6178563591,43956369917,1.78408E+12,1.09291E+13,13606494599,9687788513,262596597.8,,35064105501,10694628092,4193845678,6342116400
5611496257,67863828413,2361726862,17812704825,856396296.3,1.27587E+11,2807061009,2044134078,4.67391E+11,2.62274E+11,7276753895,8870090000,11074813830,60158929188,3209500000,17827791321,3.18083E+11,990727709.6,5349258334,4186525000,604041957.9,8082364816,7511582173,5.58234E+11,,6557333085,21144983552,4740768355,784654423.6,813963830.2,4658246918,15970315751,8.95541E+11,1142315522,2742815195,76507577235,1.66029E+12,94641378693,3503723087,17271760507,21251755294,34985749883,35901200000,14547325028,1.0009E+11,8937567060,2.18096E+11,622044665.5,343311111.1,21403167848,32432858000,80288461538,13243892200,2484745935,9874013098,2197612701,8623691300,2300453634,1.71652E+11,1.84454E+12,6511903657,487038821.6,3991284895,2.50164E+12,7632406553,2.0237E+11,591018407.4,21576351799,3446441698,477458598.7,743064076.8,4826827577,8230387552,1.61385E+11,85302003908,11429333038,6.07699E+11,2.34772E+11,1.53545E+11,1.64671E+11,2328658228,1.27047E+11,1.57762E+12,9430230564,4.51956E+12,,10195660790,30833699703,14904517650,90231856.8,47876510067,1919008091,2023324407,11771975157,20082918740,1157832935,748000000,26265625000,3070691320,18781721376,29667268248,6372498720,3208837077,1.10202E+11,4714071978,5448415500,131398500,2051147607,5816553827,7.29336E+11,245432900,1980907435,3601321065,52064058834,6303391144,7754647428,4926471294,6330473097,5.8007E+11,88250885550,5322454926,3394084885,1.04912E+11,4946292775,2.28859E+11,21633708192,91760542940,153963200,13693981200,3536411824,7691367471,58731030122,87039145965,2.17827E+11,1.65226E+11,23533791209,57806506024,4.30348E+11,2137156727,987407407.4,509090899.1,333428714.4,1464326161,102085583.5,2.15808E+11,8768721956,22482365322,705704816,1385810072,97645448284,,29634713641,352531728.4,1.9702E+11,7.02717E+11,9.07492E+11,18881765437,21355576673,1274190311,3.34337E+11,3.63063E+11,95693808463,,1555301496,15224257698,1.52281E+11,2115836353,11305459802,27453007373,3.14592E+11,5977560877,6606884391,52010238716,2.05709E+12,1.14564E+13,12045631093,10134453435,314471328.1,,39552513316,11777966673,4901839731,5727591800
7184685782,85332581189,2894921778,23552047248,919729629.6,1.64658E+11,3576615240,2254748603,6.14166E+11,3.01458E+11,8680370408,9055290000,13150159574,65108544250,3444500000,23144351852,3.69215E+11,1057653620,6190270756,4484703000,682523857,8773451752,8957467707,6.69289E+11,,7872333215,26157894737,5451688868,915257323.4,924318490.8,5337833248,18826215278,1.02669E+12,1272360517,4422855929,99079230170,1.95535E+12,1.17082E+11,4656974938,18610594846,23510577108,41958833541,38203000000,17320552500,1.19814E+11,10297483481,2.51373E+11,666072101.8,367200000,22322395368,36591661000,78782467532,13724810900,4410764339,12145911801,2770082792,10131187261,2708078477,1.97479E+11,2.11963E+12,7770219480,961900106.9,5125365192,2.81435E+12,8881368538,2.40964E+11,599118592.6,23577286227,3635458133,532062927.4,787814379.2,6036959915,8869311411,1.691E+11,1.04141E+11,13825302536,7.09149E+11,2.56837E+11,1.90043E+11,1.94372E+11,2822358473,1.35571E+11,1.80654E+12,10174664854,4.89312E+12,,11411390409,43151647003,16095337094,102367039.3,59439090601,2211534585,2366398120,14435700533,21159827992,1511236656,897000000,33122307692,3454362686,22627507452,35064843793,5064732716,3476094499,1.24749E+11,5454249123,6098092551,132440200,2362501023,6578844486,7.82241E+11,240236000,2598249556,4137913500,59626020162,7631120533,9390855298,6609198833,7273938315,6.5838E+11,1.03905E+11,5795568205,3760443966,1.36386E+11,5682788267,2.64512E+11,24763712874,1.0776E+11,165186200,15013381700,3927157867,9624440836,66768703498,95002028505,2.5511E+11,1.89382E+11,31734065934,74972669057,5.91017E+11,2375376873,1066666667,549900170.1,407749576.9,1723750000,114582561.6,2.58742E+11,10076817278,26141968161,839319927.3,1448536631,1.15035E+11,,34414784504,397557524,2.55807E+11,7.93175E+11,1.06906E+12,20662525941,26645490675,1484092538,3.85118E+11,4.05531E+11,1.12863E+11,,2076182461,16675948415,1.72896E+11,2259992642,13280275123,31183059012,4.08876E+11,6838351088,7939487474,67220154164,2.42181E+12,1.22172E+13,13686329890,12030023548,364996869.1,,45427854693,13872791659,6221077675,5805598400
8052073539,1.03198E+11,3159905484,36970918699,1022962963,1.98737E+11,4900469950,2359776536,6.95075E+11,3.16092E+11,13245716099,9836200000,15968723404,69442943089,3819500000,30207567317,3.85715E+11,1111453824,6567654494,4868136000,796938120.2,9549077919,9918907108,8.91634E+11,,9531402848,29869283400,6146352742,1117113046,971977088.2,6293046162,19509850837,1.17311E+12,1337894380,6649307057,1.22315E+11,2.28597E+12,1.45619E+11,6650001685,20040642477,24036917017,45780237257,42643836100,18433411267,1.37143E+11,11964484668,2.64467E+11,708633194.7,364255555.6,35777570136,41507085000,89600665557,14698000000,8217369093,14106790200,3178126492,12401139454,2980484920,2.04885E+11,2.19695E+12,9582783318,1027702254,6410823633,2.84686E+12,10744675210,2.47875E+11,695555555.6,26783543667,2937071767,587029054.4,824880550.3,7184064657,9757034457,1.8157E+11,1.13237E+11,16852963067,8.20382E+11,2.85869E+11,2.26452E+11,2.11877E+11,3032400000,1.42657E+11,1.85822E+12,11243868486,4.83147E+12,,12588665303,57123671734,18737897745,112133944.3,80798630137,2460248026,2735558726,17003459863,21497336499,1682350935,949000000,47334148578,3659251526,26097677572,37672280120,5859269849,3655909664,1.43534E+11,6247515892,6416184181,136559500,2936019526,6488750453,8.77476E+11,250281900,2988348836,4203084194,62343022651,8542070110,10588433069,7248394160,8130258041,6.85348E+11,1.1472E+11,6321335612,4383315657,1.76134E+11,6258600714,3.08884E+11,31081991678,1.20055E+11,190452900,16374393900,4865892972,10737500188,76060606061,1.0742E+11,3.06144E+11,1.97254E+11,44530494505,98452791983,7.64017E+11,2932340855,1135555556,579948909.3,476801791.2,1785847531,136450274.7,3.2846E+11,11009032665,27683225959,919103254.6,1650494367,1.27808E+11,,36206395971,476836691.1,2.88868E+11,9.34901E+11,1.15372E+12,24405791045,35182105414,1793388732,3.92218E+11,4.20545E+11,1.34204E+11,,2312327536,18399046025,1.89319E+11,2281482855,15982282462,32273007554,5.06308E+11,8103901996,9239221859,89239370109,2.54483E+12,1.30392E+13,17362857684,14307509839,394962552.3,,57633255618,16746344766,8331870169,5755215200
8896072919,1.17027E+11,3456442103,52381006892,1157662963,2.32557E+11,6384451606,2469832402,7.47556E+11,3.3628E+11,20982986344,10167250000,18504760638,71819083684,4217450803,36954312354,4.0826E+11,1211148305,7034111652,6144000000,874989895.6,11451869202,10137883299,1.10763E+12,,11470703002,34379808889,6547420134,1273375020,1107891063,7274595707,20910513975,1.31926E+12,1461859763,7428701809,1.5384E+11,2.75213E+12,1.61619E+11,8072305031,22715540324,25281414473,50860788253,48835925926,20072786351,1.56264E+11,14451902468,2.82885E+11,768873684,390251851.9,37879869898,46802044000,1.07426E+11,15999890000,10086528699,17022870405,3291353836,15280861835,3076305453,2.17089E+11,2.32054E+12,10327598801,1054113427,7745394293,2.9947E+12,20440893017,2.73547E+11,698700666.7,29744368111,4220019243,592365688.1,2379818383,7518107787,10917481688,1.93536E+11,1.15751E+11,17465318552,9.4026E+11,3.64571E+11,2.66299E+11,2.32181E+11,3422651334,1.54145E+11,1.94955E+12,11930171468,4.60166E+12,,15056929760,81003884545,25825524821,110234939.8,1.01549E+11,2834168889,3455031448,21570076499,22022709852,1800105590,1119000000,60092950670,4000239273,30183575104,42910146296,6395712392,3998020177,1.62691E+11,6905934219,6778324050,141515800,3919577286,7028803366,9.75387E+11,253541900,3408244549,4582988333,68640825481,9176889070,11863016315,8001779551,9043715356,7.33955E+11,1.11539E+11,6763361733,4756361480,2.36104E+11,6861222332,3.45581E+11,37215779714,1.37264E+11,192382400,18141666300,8355006707,13429430050,88643193062,1.27653E+11,3.44622E+11,2.08756E+11,60882142857,1.22023E+11,9.89931E+11,3318107347,1268319185,643501156.9,499923741.4,1908167106,142775597.3,3.769E+11,11697918803,32482070360,1016418229,1885112202,1.4863E+11,,39481045038,538614679,3.03861E+11,1.05322E+12,1.2604E+12,28279814925,45264519503,2626380435,4.23093E+11,4.43802E+11,1.538E+11,,2830220713,18649590248,2.21758E+11,2351584608,18369361094,34377310293,5.57058E+11,10276674365,9977647645,1.11885E+11,2.71706E+12,1.38156E+13,19579457966,17330833853,439376794.1,,66371664817,19061978586,12756858899,5443896500
10677324144,1.34977E+11,3952600602,65266452081,1312759259,2.87531E+11,9206301700,2677653631,8.53955E+11,3.89186E+11,33050343783,10618340000,21730000000,79611888213,4674007452,45277399814,4.70922E+11,1283112550,8169048690,6767000000,1168308517,13120183208,10939053365,1.39711E+12,,12247694247,44405101470,7625723124,1356199365,1513933983,8639235842,23928251334,1.46882E+12,1699811293,8650138069,1.72566E+11,3.55034E+12,2.06182E+11,8782703428,26884700345,28760092034,60542673503,54262870370,23968764030,1.90184E+11,16737071816,3.19423E+11,847918929.1,421374074.1,43965420072,51007777000,1.30438E+11,17011750000,13071718759,22449129483,3469363996,19707616773,3378314600,2.56378E+11,2.66059E+12,12455410056,1279704745,10172882371,3.42558E+12,24827844950,3.18903E+11,758683592.6,33567868323,6281917656,696910810.9,2730971150,9522763154,12361257681,2.11597E+11,1.40228E+11,21652505597,1.21674E+12,4.32217E+11,3.49882E+11,2.70079E+11,4466100440,1.79162E+11,2.2131E+12,12799593018,4.57975E+12,,17110587447,1.0485E+11,31958195182,132671743,1.1464E+11,3802566171,4223152219,31054350978,24827355015,1682016947,1373000000,68035403136,4601299567,39697891352,51587401416,8524620739,4432937046,1.93548E+11,8156468818,7925371476,148346700,4346206809,8150138757,1.0527E+12,256787200,4401189466,5867916781,79041294874,10450843291,15591182545,8839526452,10325618017,8.48559E+11,1.37189E+11,7423313549,5731485267,2.75626E+11,8336478142,4.00937E+11,42085379454,1.52386E+11,198897700,21295984200,9545177014,17856393235,1.02171E+11,1.5598E+11,4.29029E+11,2.40496E+11,79712087912,1.74585E+11,1.29971E+12,4068224991,1336088815,713596662.2,573548460.4,2185874624,149146423.1,4.15965E+11,13994218939,43170990616,1033561654,2158496873,1.80942E+11,,48067401207,620211238.9,3.33075E+11,1.17261E+12,1.474E+12,32350248411,59440139775,2936612022,4.91253E+11,4.93537E+11,1.8003E+11,,3719506173,21843529025,2.62942E+11,2662612348,21641620050,38914078352,6.81337E+11,12664165103,11902564401,1.48734E+11,3.10618E+12,1.44742E+13,23410572634,22311393928,516392922.5,,77414425532,21650532264,14056957976,5291950100
12881353508,1.71001E+11,4085630584,88538610805,1370070370,3.61558E+11,11662040714,2843016760,1.05513E+12,4.32052E+11,48852482960,10526000000,25710904255,91631278239,4784925079,60763483146,5.17328E+11,1352588868,9787735426,6980000000,1227808791,16674324662,10945070442,1.69586E+12,,14393099069,54438966420,9451436359,1611835902,1789333749,10351914093,27715144580,1.55299E+12,1993407887,10393834721,1.79663E+11,4.59431E+12,2.42187E+11,11649857662,30801744881,34078243426,70750646248,56302129630,27844698989,2.36816E+11,19788515874,3.53361E+11,999105339.3,458188888.9,48122547177,61762635000,1.62818E+11,17986890000,19749893536,24341678629,3294093485,27066912635,3523185920,2.85716E+11,2.9303E+12,15571349776,1561763437,12795076469,3.74526E+12,28678701891,3.55909E+11,825976037,38503862831,6964179194,868154708.5,3025187924,10485225353,13881701034,2.1928E+11,1.58374E+11,18074622987,1.1989E+12,5.10229E+11,4.12336E+11,2.75447E+11,5928420956,2.16712E+11,2.40866E+12,13709402085,5.10668E+12,,22657662393,1.33442E+11,35895153328,141042610.3,1.47395E+11,5139957785,5446434032,35854274229,29118916106,1766825413,1726000000,86708074534,5081432924,47797551588,58844277702,10725137931,5321012192,2.30814E+11,9838403091,9090406767,151898900,5206444407,9990370016,1.10999E+12,263145100,6054849885,6476490406,92507257784,12556195189,23013015832,8607475308,12545438605,9.5187E+11,1.33131E+11,8496946608,7297600897,3.39476E+11,9909548411,4.6225E+11,60905452536,1.70078E+11,198283900,25155888600,11670840932,24615276690,1.20551E+11,1.81625E+11,5.33609E+11,2.63416E+11,1.1527E+11,2.14314E+11,1.66085E+12,5177230923,1437731111,732663263.5,641346174.9,2393437820,188021190.6,5.19797E+11,16853991177,52194221469,967199594,2505458705,1.93612E+11,,55779427740,699203616.5,3.16132E+11,1.04734E+12,1.63186E+12,40713812310,64831935604,3532969035,5.17706E+11,5.70304E+11,2.1809E+11,,5161337336,27941177435,2.91383E+11,3323677130,27871587350,44860969077,7.70462E+11,19271523179,14440404021,1.88111E+11,2.93888E+12,1.47699E+13,30366213119,29549438884,590748237,,99130304099,26910851362,17910858638,4415702800
12044208086,1.37211E+11,3674409558,70307166934,1228329630,3.32976E+11,8647936748,2553631285,9.28043E+11,4.01759E+11,44291490421,9981960000,22938218085,1.02478E+11,4465657315,50874078052,4.83254E+11,1320605472,9738626993,6656000000,1234014292,17339992194,10267133178,1.667E+12,,10732366286,52023504656,9450697336,1781455092,1711817182,10401851851,27932971683,1.37463E+12,2067381664,9290728773,1.71413E+11,5.1017E+12,2.32398E+11,9723299908,30745712007,33886814907,63084004705,57481481481,25945391775,2.07434E+11,18648373312,3.21241E+11,1049110685,489074074.1,48261033298,62519686000,1.89147E+11,17601620000,15027795173,19633031398,3580417067,32437389116,2870624636,2.53498E+11,2.70089E+12,12113699661,1450140386,10766836277,3.41126E+12,26048108185,3.31309E+11,771275555.6,37125943565,6716904569,830126470,3165663153,11597014807,14587496229,2.14046E+11,1.31114E+11,13154414219,1.34189E+12,5.3958E+11,4.16397E+11,2.36443E+11,5487083658,2.07953E+11,2.19993E+12,12120460873,5.28949E+12,,24537876056,1.15309E+11,42347217913,132419903.3,1.05963E+11,4690062255,5836138127,26410909091,35399582929,1740830511,1768000000,60810211408,4504549214,37388122046,54467289898,9616879571,6191127665,2.02258E+11,10231962383,8696366907,149769600,4714592493,9128843109,9.00045E+11,280284600,5439422031,5451653237,92897320376,11914471497,29455165595,8938868165,12854985464,8.71519E+11,1.21374E+11,8298679909,7352131669,2.95009E+11,9401731496,3.8619E+11,48388363589,1.68153E+11,187522800,27116635600,11619637799,22355161514,1.20823E+11,1.75975E+11,4.39738E+11,2.44668E+11,97798351648,1.74104E+11,1.22264E+12,5671592572,1401507889,714300243.8,628006123.3,2056126702,187820464.6,4.29098E+11,16145868285,45162894381,847397850.1,2453899847,1.94152E+11,,50567734886,735997355.7,3.29753E+11,9.43942E+11,1.49147E+12,42066217872,58316191440,3875409836,4.36537E+11,5.582E+11,2.24562E+11,,4979481980,29081425282,2.8171E+11,3379258565,19172165226,43454935940,6.49273E+11,20214385965,25127805566,1.21553E+11,2.4258E+12,1.44781E+13,31660911277,33689223673,592622502.4,,1.06015E+11,25130274124,15328342304,9665793300
11926922829,1.61207E+11,3449925739,81699556137,1148700000,4.23627E+11,9260284938,2453631285,1.14759E+12,3.92275E+11,52909294792,10095760000,25713271277,1.15279E+11,4529928302,57222490769,4.81421E+11,1387925188,9535344283,6634526000,1547991318,19649631308,12786654498,2.20884E+12,,13707370737,50682061053,10109618964,2032135247,1664310770,11242275199,27507499709,1.61734E+12,2142591376,10668102735,2.17105E+11,6.08716E+12,2.86563E+11,13148396206,37658614803,34936305297,60426018629,59562962963,25732432719,2.0907E+11,21565720044,3.21995E+11,1128611700,493825925.9,53860175556,69555367000,2.18984E+11,18447920000,16314442183,19523477326,4438778424,29933790334,3140508836,2.49424E+11,2.64519E+12,14372591916,1543292393,12243505583,3.39967E+12,32197272797,2.97125E+11,771013259.3,40676432029,6853467858,849878424.2,3432913073,11859315079,15839344592,2.28638E+11,1.32231E+11,13751161918,1.67562E+12,7.55094E+11,4.86808E+11,2.21876E+11,5920177689,2.34655E+11,2.1361E+12,13220556883,5.75907E+12,,27133804225,1.48047E+11,45405587557,155299728.5,1.15419E+11,4794357795,7131773633,23956163077,38443907042,2234731974,1998000000,75380170508,5082366478,37128694028,56213985987,9982711338,6959655571,2.55017E+11,10689168011,9035932123,160407100,5628878866,10003670690,1.0578E+12,296944100,6974982393,5367625613,93216746662,11104649065,37796052939,11431334447,16002656434,8.47381E+11,1.46518E+11,8758639096,7851191899,3.61457E+11,9407168702,4.28757E+11,64993498049,1.77166E+11,185943000,29440287600,14250755231,27129301212,1.47529E+11,2.08369E+11,4.79834E+11,2.38113E+11,1.25122E+11,1.66309E+11,1.52492E+12,6121529488,1486758037,720447880.2,663161528.4,1881214371,196652514.3,5.28207E+11,16121314671,41819468692,969940010.3,2578026297,2.39809E+11,,48208240226,846767635.9,4.17365E+11,1.14407E+12,1.42211E+12,56725749222,74151186600,4368398048,4.95813E+11,6.03434E+11,2.52518E+11,,5642178580,32014249841,3.41105E+11,3429461495,22157948396,46206091938,7.76993E+11,22583157895,26673441667,1.4121E+11,2.49111E+12,1.5049E+13,40284481652,49765676402,670713208.1,,1.47199E+11,30906749533,20265559484,12041655200
12890764531,2.00013E+11,3629133574,1.09437E+11,1137637037,5.30163E+11,10142111335,2637988827,1.39791E+12,4.31685E+11,65951627200,10070450000,28776595745,1.28638E+11,4657699461,61757788945,5.2333E+11,1466822039,10693321954,6312691000,1777101317,23963033429,15351972361,2.61616E+12,,18525319978,57678241024,12080296644,2235820868,1865915544,12829541141,30630912185,1.79333E+12,2437982840,12172309523,2.51225E+11,7.5515E+12,3.34944E+11,15655383586,42762617082,36693712825,63169910822,68990000000,27565469098,2.29563E+11,25839749199,3.44003E+11,1239144502,501025925.9,58029750746,79276664000,2.3599E+11,20283780000,21357344848,23213994093,4820499924,31952763089,3774530616,2.75604E+11,2.86516E+12,18210308748,1409694554,15107441447,3.74931E+12,39337314810,2.82996E+11,778655925.9,46876114651,6785137173,1099818652,3691384318,13008754111,17710315006,2.48514E+11,1.42E+11,15221622926,1.82305E+12,8.92969E+11,6.26133E+11,2.38976E+11,6566098382,2.62294E+11,2.29499E+12,14444655300,6.23315E+12,,29524149155,1.92627E+11,46869457318,180665807.2,1.54068E+11,6197766119,8750107402,27474380566,39927125961,2579421686,2398000000,48167374612,5739977477,43535051482,61696281326,11551819618,8004000737,2.97952E+11,12995112698,9638916481,172188500,6764627666,11518393367,1.18049E+12,311301600,8414351672,6088808463,1.0137E+11,14381552467,54118601975,12523402329,21573862467,9.05271E+11,1.68291E+11,9774307336,8772951262,4.04994E+11,10494632699,4.98283E+11,77497529259,2.13587E+11,196911100,34686224300,17984910502,33737052170,1.71762E+11,2.34217E+11,5.28301E+11,2.45118E+11,1.67775E+11,1.83327E+11,2.04593E+12,6881379762,1576988407,713796368.7,737401684.1,1813752784,231489270.1,6.71239E+11,17814284622,49258136129,1065823923,2942546781,2.79351E+11,,51583869785,1049889692,4.58202E+11,1.25322E+12,1.48071E+12,65292753005,78403418360,4422276622,5.74094E+11,7.22038E+11,73616694709,,6522732203,34657139495,3.70819E+11,3872459250,25433011405,48122744708,8.38763E+11,29233333333,27871725206,1.69333E+11,2.67489E+12,1.55997E+13,47962439304,60178909297,770153304.2,,1.72596E+11,32726417212,23459515276,14101920300
12319830437,2.09059E+11,3188652765,1.24998E+11,1199948148,5.45982E+11,10619320049,2615083799,1.54651E+12,4.09402E+11,69683935845,10720500000,30749308511,1.33356E+11,4610095998,65685102555,4.96153E+11,1531348953,11141358945,6378188000,1781281282,27084497482,14380004175,2.46523E+12,,19047940301,54300857424,12561016091,2333341375,1741809809,14054443213,30155064574,1.82837E+12,2510126699,12367363678,2.67176E+11,8.53223E+12,3.70921E+11,17692911281,47231651863,36302305578,57192346923,73141000000,24978513427,2.08858E+11,29306235826,3.27149E+11,1353632942,485996296.3,60681537196,87924544000,2.79117E+11,21386150000,22388345810,23019150071,4886533033,43310721414,3972012571,2.5829E+11,2.68367E+12,17170465294,1415006238,16488403076,3.52714E+12,41270954737,2.42029E+11,799882259.3,49593961142,7638045254,989271229.6,4063089192,13708926466,18528601901,2.62629E+11,1.28857E+11,14751508134,1.82764E+12,9.1787E+11,6.44036E+11,2.25497E+11,6690725118,2.58417E+11,2.08696E+12,14807086889,6.27236E+12,,31634561690,2.07999E+11,56396706006,189630114.9,1.7407E+11,6605139933,10192848926,28169902669,44016799516,2477702253,2791614000,92538004280,5456009385,42927454291,59776383527,11578974888,6028487929,3.14443E+11,12442035328,9462238211,180436300,6728208836,11668685524,1.20109E+12,327248700,8709138765,5743029680,98266306615,16350813487,58318677645,13042007432,21703106502,8.38923E+11,1.76207E+11,10532006608,9426913349,4.55502E+11,9745251126,5.09506E+11,87408842653,2.24384E+11,212397800,40429734400,21295659244,33296438306,1.92649E+11,2.61921E+11,4.98524E+11,2.16224E+11,1.86834E+11,1.70636E+11,2.2083E+12,7650671477,1605146778,730032600.1,760549577.7,1604779648,250680845.8,7.35975E+11,17660871726,43309252921,1059496470,3801862611,2.95087E+11,,46577793184,1191045573,4.34401E+11,1.27843E+12,1.32474E+12,68434409315,63195499524,4980000000,5.52484E+11,6.9211E+11,44117799607,,7633049792,39650530214,3.97558E+11,3873308389,25781712703,47311159485,8.80556E+11,35164210526,27305915761,1.82592E+11,2.71916E+12,1.6254E+13,51264390116,67517349212,747839697.8,,1.95592E+11,35401341663,25503060420,17114849900
12776220507,2.09755E+11,3193512950,1.33402E+11,1181448148,5.52025E+11,11121465767,2727932961,1.57634E+12,4.30191E+11,74164435946,10562800000,32539468085,1.4999E+11,4677248302,75527984234,5.21791E+11,1581844936,12517845732,6465756000,1756215665,30659338886,14901750991,2.47282E+12,,18093829923,55810138436,13444301139,2451606684,1850470042,15227991395,33728622819,1.8466E+12,1691544192,12953535496,2.77239E+11,9.57041E+12,3.82116E+11,17958720704,50949672206,42760237561,58889082315,77148000000,23900872626,2.11686E+11,32679745298,3.43584E+11,2042817163,498296296.3,62682163837,95129659000,2.88434E+11,21990960000,21948835350,25115753366,4597532030,47648211133,4190143206,2.71362E+11,2.81188E+12,17595745653,1375608956,17189551521,3.7338E+12,62823043706,2.38908E+11,842620111.1,52996540704,8376613843,1046087418,4167800259,14902474091,18499710128,2.75697E+11,1.35733E+11,16125060515,1.85672E+12,9.12524E+11,4.92776E+11,2.38279E+11,7000748788,2.94167E+11,2.14192E+12,14264202737,5.21233E+12,,34454440141,2.36635E+11,61671425370,184550740.1,1.74161E+11,7335027592,11983252611,30204783462,46880103081,2367113170,3177198100,75350633011,6391735894,46523420074,65203276467,12423555269,5518880769,3.23277E+11,13242690790,10551661177,184840400,7223071177,12129642296,1.27444E+12,317214400,9496717702,6555983530,1.06826E+11,16974314296,60572257122,12043276397,22162208956,8.77173E+11,1.90907E+11,10982979274,10224897935,5.08693E+11,10817712139,5.22762E+11,89936020806,2.31219E+11,221117200,45599994000,21261432791,38651334288,2.01175E+11,2.83903E+11,5.21016E+11,2.26434E+11,1.98728E+11,1.90801E+11,2.29247E+12,7815975294,1664816741,764781242.7,770059565,1678841812,300554483.6,7.46647E+11,18918668644,48394239475,1328089686,4920343195,3.07576E+11,,48415657265,1284763287,4.00886E+11,1.3708E+12,1.35514E+12,74317806538,66026600235,5145757576,5.86842E+11,7.12748E+11,22552466245,,8448469838,45680532614,4.20333E+11,4321655656,27294453245,48684187850,9.57783E+11,39197543860,28915786997,1.90499E+11,2.80329E+12,1.68432E+13,57531233351,73180036692,758304466.3,,2.13711E+11,40415235702,28037239463,19091020000
13228147516,2.1381E+11,3271685597,1.37244E+11,1249733333,5.2632E+11,11609512940,2791061453,1.4675E+12,4.42585E+11,75244294275,11176100000,33387712766,1.72885E+11,4696344342,78813839984,5.3539E+11,1676406802,13284528654,6413988000,1907090813,32996188017,15654660710,2.45604E+12,,17098342541,57082011260,13943016924,2705783272,1859898513,16702610842,36386546918,1.80575E+12,1894813505,13940768066,2.59405E+11,1.04757E+13,3.81112E+11,17912907682,52016408951,48843008580,58330289757,80656000000,23156850007,2.09359E+11,35909040266,3.52994E+11,2214679081,520207407.4,67179914027,1.01726E+11,3.05595E+11,22593470000,21765454404,26634083965,4422968340,55612228234,4856963230,2.74863E+11,2.85596E+12,18203968002,1229460602,17627003455,3.88909E+12,54782847753,2.35458E+11,911497407.4,57852399964,8778473615,1054915645,4127659492,15139264670,19756494435,2.91459E+11,1.41079E+11,17867662178,2.03913E+12,8.90815E+11,4.60383E+11,2.5897E+11,7708834951,3.10945E+11,2.16201E+12,13899228824,4.89699E+12,,36847643521,2.21416E+11,68285768554,177862310.4,1.62631E+11,7468096567,13279248479,31386896487,48095213746,2441053176,3225652000,57372445772,6657170923,48533659592,68804811898,12522957228,6047813437,3.38062E+11,14364937128,11626281387,182142800,6592537782,12803445934,1.31535E+12,319271200,9510198962,7069616049,1.10081E+11,17716091057,63264892768,12435416060,22731602970,8.92168E+11,2.01313E+11,11880434071,10862944204,5.46676E+11,11362272838,4.9841E+11,92699089727,2.44361E+11,241669800,49921464400,23210682538,40377987209,2.00789E+11,2.97483E+11,5.42477E+11,2.29902E+11,2.06225E+11,1.99959E+11,2.05924E+12,8234762201,1755130815,770901436.4,756805950.2,1673973695,346528329.2,7.5635E+11,19797254643,47062206678,1387577763,5015157816,3.14851E+11,,49997186439,1335584912,3.81199E+11,1.48432E+12,1.37122E+12,79356449841,76818327442,5240606061,5.81964E+11,7.34397E+11,22075987602,,9112544556,49964788814,4.07339E+11,4574986537,27642525749,50271072628,9.38953E+11,43524210526,32612397758,1.33503E+11,3.08717E+12,1.75507E+13,57236013086,80845384375,772315721.3,,2.3345E+11,43228585321,27141023558,19495519600
11386850130,1.65979E+11,2789881259,87219290029,1336692593,5.94749E+11,10553337673,2963128492,1.35053E+12,3.81971E+11,53074370486,11861900000,31050638298,1.95079E+11,4724691213,56454734397,4.62336E+11,1734320479,11388160958,6654541000,2003598213,33000198249,13578754072,1.80221E+12,,12930394938,50781996713,11832159276,3104003611,1596800287,18049954289,32210232912,1.55651E+12,1695825708,10950392220,2.42497E+11,1.10616E+13,2.93482E+11,11890259177,56441917653,45814637971,50163192883,87133000000,19842404305,1.88033E+11,37917704900,3.02673E+11,2424391785,540737037,71164825257,99290381000,3.29367E+11,23438240000,13185496836,22890762090,4063245671,64589334979,4682546863,2.34534E+11,2.43919E+12,14383107714,1378176868,14953950557,3.35759E+12,49406568433,1.95684E+11,997007925.9,62186186576,8794202444,1048229629,4279840194,14833154472,20979767785,3.09384E+11,1.2521E+11,17517210519,2.10359E+12,8.60854E+11,4.08213E+11,2.9158E+11,7085288006,3.00078E+11,1.83664E+12,14188935948,4.44493E+12,,38587017887,1.84388E+11,70120413329,170291002,1.14567E+11,6678178340,14426381187,27263090547,49929337837,2359759799,3227075700,48717854040,6268391521,41435533340,60071584216,11323020829,6373212641,3.01355E+11,13104764379,11091434484,183814300,6166863960,11692287066,1.17187E+12,316489900,7745241913,6261622101,1.0118E+11,15950979333,63045305229,11335179562,24360795411,7.65573E+11,1.78064E+11,12756706583,9683867894,4.86803E+11,10064515432,3.85802E+11,78710793238,2.70556E+11,280457700,54091713800,21723531173,36211372703,1.89805E+11,3.06446E+11,4.77812E+11,1.99394E+11,1.6174E+11,1.77729E+11,1.36348E+12,8539424910,1808079889,786554580.8,788307314.9,1419394763,316066072.3,6.5427E+11,17774766636,39655958843,1415998663,4218723875,3.08004E+11,,43107506024,1307082934,3.4671E+11,1.46577E+12,1.1956E+12,80604080689,84985132167,5126291451,5.05104E+11,7.0215E+11,17622064892,,8271454301,47378599025,4.01296E+11,4180866177,25191551350,45780128467,8.64317E+11,35799714286,32387183845,91030959455,2.95657E+12,1.8206E+13,53274304222,86196265192,730870581.7,,2.39257E+11,42444495590,21251216799,19963120600
11861199831,1.60034E+11,2896610480,49840494026,1436585185,5.57531E+11,10546135160,2983798883,1.20669E+12,3.95837E+11,37867518957,11834600000,32234973404,2.65236E+11,4832811756,47722657821,4.76063E+11,1796928937,11821066153,6899911000,2158972129,33941126194,15082578065,1.79569E+12,,11400854268,53953897624,12833363370,2639321196,1663008687,20016747754,33814337900,1.52799E+12,1825018191,10097778354,2.49299E+11,1.12333E+13,2.82825E+11,10219341017,58847016045,47964234560,52295158344,91370000000,20953442550,1.96272E+11,37134799975,3.13116E+11,2604955229,576229629.6,75704720190,99937696000,3.32442E+11,24191430000,11240809132,24072829277,3816022047,74296618481,4930204230,2.40771E+11,2.47296E+12,14023890620,1484579844,15141758567,3.46985E+12,56165172899,1.93148E+11,1061640741,66053725049,8595955581,1179004941,4482697337,13987693739,21717622071,3.20858E+11,1.28636E+11,20793168031,2.2948E+12,9.31877E+11,4.57955E+11,2.98928E+11,6846691871,3.19024E+11,1.87707E+12,14077109397,5.00368E+12,,39892551127,1.37278E+11,74815121315,178509814.1,1.0942E+11,6813092066,15912495369,28083597512,51147308774,2114020380,3398419600,49910960875,6237264055,43047309306,62216885436,11848613735,5433040160,3.01255E+11,14026048334,11668286795,201510900,6398747532,12232463656,1.07849E+12,332265200,8071469355,6472990923,1.03312E+11,11936993087,60291736894,10721994677,24524098185,7.8406E+11,1.88838E+11,13286083645,10398862245,4.0465E+11,10672471861,3.68827E+11,75128738622,3.1363E+11,298300000,57907695400,20759069103,36089550659,1.91896E+11,3.18627E+11,4.7263E+11,2.06426E+11,1.51732E+11,1.88129E+11,1.27679E+12,8690878328,1865513430,814302267.1,799493897.5,1468377242,345495615,6.44936E+11,19040312815,40692643373,1490226454,3674794530,3.18832E+11,,44766722791,1378543909,3.23586E+11,1.50011E+12,1.23291E+12,82401038710,1.02944E+11,3317438911,5.15655E+11,6.95601E+11,12453459335,,6992393787,49774021003,4.13366E+11,6031632168,22373566810,44360614525,8.69693E+11,36169428571,29203988815,93355993629,2.72285E+12,1.86951E+13,57236652490,86138288615,780889605.9,,2.57096E+11,31317828584,20958412538,20548678100
13019689337,1.70097E+11,3000162081,68972763787,1467977778,6.43629E+11,11527458566,3092178771,1.32688E+12,4.17261E+11,40865558912,12357600000,35473776596,2.93755E+11,4981588900,54726595249,5.02765E+11,1844906693,12701654743,7142316000,2450364928,37508642171,16088437675,2.06351E+12,,12128104859,59199447421,14106956830,2712324087,1769787215,22177200512,36098550142,1.64927E+12,2072349974,10000395242,2.76365E+11,1.23104E+13,3.11884E+11,11094823677,60516043590,51588158718,56214427431,96851000000,22870833710,2.18629E+11,38019265626,3.32121E+11,2762581334,521551851.9,79997975622,1.04296E+11,2.35734E+11,24979190000,12200912828,26924385103,4402969226,81770791971,5353404422,2.55648E+11,2.59515E+12,14929488771,1504909753,16242916916,3.69085E+12,60406382899,1.99844E+11,1125685185,71654134379,10324668267,1350177128,4748174334,15035560373,23136232230,3.41273E+11,1.43136E+11,24728285177,2.65147E+12,1.01562E+12,4.8663E+11,3.35431E+11,6979581725,3.55277E+11,1.9618E+12,14808989993,4.93084E+12,,41408960845,1.66806E+11,82035800868,188192060.1,1.20707E+11,7702934800,17071162084,30483806018,53027680686,2306185361,3390703400,67158415842,6474256119,47758736932,65712180343,13176313594,8943543677,3.19112E+11,15365713059,13505056442,213204100,6800135962,13259351418,1.15891E+12,366666800,9669741744,6431314957,1.09683E+11,13219079498,61449392056,12895153160,28971589213,8.3387E+11,2.06624E+11,13785909906,11185102400,3.75746E+11,11307058382,3.98394E+11,80856697009,3.39206E+11,285300000,62202725200,22742613554,38997129474,2.11007E+11,3.28481E+11,5.26509E+11,2.21358E+11,1.61099E+11,2.11695E+11,1.5742E+12,9252834120,1996771441,847620214.8,832025556.1,1528630705,375614126.2,6.88586E+11,20996564752,44179055280,1573428277,3719369107,3.43193E+11,,48589100043,1483793468,3.81449E+11,1.6239E+12,1.31254E+12,87428128124,1.29718E+11,3591623596,5.41019E+11,7.04479E+11,16340665432,,7536439875,53320625959,4.56357E+11,6395472574,23180107752,42164007605,8.58996E+11,37926285714,30744473912,1.12091E+11,2.69902E+12,1.94796E+13,64233966861,62081323299,880062103.1,,2.81353E+11,26842231205,25873601261,17584890937
15156432310,1.74911E+11,3218419897,77792940077,1605944444,5.2482E+11,12457941907,3202234637,1.42853E+12,4.55168E+11,47112941176,12755800000,37802005319,3.21379E+11,5097283213,60031262269,5.43347E+11,1887465218,14262407011,7225977000,2446866405,40287647931,16914245098,1.91693E+12,,13567351175,66363422450,15890065020,2660123624,1966501118,24571753583,39973839065,1.72533E+12,2220978978,11239167048,2.95403E+11,1.38948E+13,3.34198E+11,13670038020,62420165100,58011466451,62247874949,1.0005E+11,25522671233,2.4895E+11,47568210068,3.56841E+11,2913466732,554770370.4,85555378043,1.07562E+11,2.49713E+11,26020850000,13097011208,30489500905,4666784618,84269348327,5581371850,2.75715E+11,2.79096E+12,16867325127,1670670669,17596922470,3.97729E+12,67299280680,2.12049E+11,1166523556,73208583759,11857030337,1504630121,4787636237,16455034353,24067778954,3.61731E+11,1.60587E+11,26267063758,2.70293E+12,1.04227E+12,3.30992E+11,3.85042E+11,7491969313,3.73641E+11,2.09193E+12,15730793853,5.03784E+12,,42932112676,1.7934E+11,92202956321,196230573.8,1.38182E+11,8271108638,18141651381,34429023435,54901519156,2514146888,3422754800,76684175824,6692504346,53750911866,71285019397,13614412551,9880676219,3.58792E+11,17070867578,15301279478,221588900,7352533586,14181951059,1.22241E+12,401932300,11457443185,7194024563,1.18096E+11,14845400593,67144725831,13682062249,33111525872,9.14043E+11,2.11953E+11,13025239912,12808660528,3.9719E+11,12683070061,4.37E+11,91505851756,3.56128E+11,284700000,64929409200,24109509853,40225448341,2.22597E+11,3.46842E+11,5.87412E+11,2.42313E+11,1.83335E+11,2.41457E+11,1.65733E+12,9642440646,2065127263,884328180.5,821286938.9,1655300898,412253809.7,8.16579E+11,23116897847,50640650221,1636310049,4085114794,3.76998E+11,,54163591695,1574622018,4.04842E+11,1.72485E+12,1.42099E+12,87963042341,32333780383,3996247906,5.55455E+11,7.35539E+11,21445775364,,7765014424,57003713611,5.06755E+11,7112200725,23820742957,42685972269,7.78472E+11,40765428571,32927025573,1.30891E+11,2.90079E+12,2.05272E+13,64515038268,52633143808,914736985.4,,3.08702E+11,21606161066,26311590297,18115543791
15401830754,1.71767E+11,3155149348,69309104807,1687533333,4.52818E+11,13619291361,3310055866,1.39195E+12,4.45012E+11,48174235294,13192800000,38653318085,3.51238E+11,5304164323,64409647194,5.35376E+11,1945250236,14391686633,7423465000,2535657069,40895322851,16695925027,1.87329E+12,,13469422959,68915416142,16178162030,2581268126,1981845741,27089389787,39670977333,1.74202E+12,2221301401,11314951343,2.78585E+11,1.42799E+13,3.2311E+11,12750338736,64417670083,58539424930,62246206341,1.03428E+11,25758357775,2.52498E+11,51775830726,3.47561E+11,3088853639,611537037,88941299734,1.08108E+11,3.03081E+11,26896660000,11364134109,31045591753,4466066557,95912590628,5496264766,2.68508E+11,2.72887E+12,16874405840,1813608280,17470436259,3.88833E+12,68337537816,2.05144E+11,1213485185,77020015201,13442861444,1439638443,5173760192,14785839383,25089976947,3.63052E+11,1.63526E+11,24857740445,2.83155E+12,1.1191E+12,2.91363E+11,3.99122E+11,7315388052,3.97935E+11,2.01129E+12,15830768550,5.12332E+12,,44502895915,1.81667E+11,1.0038E+11,177935349.3,1.36197E+11,8871026074,18740559554,34308783825,51605959131,2451257579,3319596500,69252306372,6427248943,54697379017,70195715496,14191911512,11025370769,3.65276E+11,17280250805,15719500921,239462200,7889655284,14045808843,1.2694E+12,412479413.4,11971345003,7383745662,1.1987E+11,15390031040,68697759361,12543203411,34186190996,9.10194E+11,2.13435E+11,12596636042,12916455161,4.4812E+11,12606338449,4.04941E+11,88060858257,3.20909E+11,274200000,66984427200,24751344561,37925338329,2.28323E+11,3.76823E+11,5.97281E+11,2.39987E+11,1.75838E+11,2.49882E+11,1.69311E+12,10356327149,2118791548,910149698.9,852007104.7,1616231696,427425039.7,8.03616E+11,23398811424,51514222382,1684228529,4076578543,3.75473E+11,,54178877606,1570093229,3.87935E+11,1.65142E+12,1.39305E+12,83902574443,32338079165,3984483762,5.3388E+11,7.31767E+11,,,8300784857,61136873692,5.44081E+11,7220395248,23886216403,41772900763,7.61004E+11,45231428571,35353060634,1.53883E+11,2.87867E+12,2.13726E+13,61231149881,59907674027,936526267.6,,3.30391E+11,21887614217,23308667781,19284289739
15131866271,1.45009E+11,2891001149,53619071176,1370281481,3.89591E+11,12641209802,2496648045,1.32784E+12,4.33258E+11,42693000000,9699500000,34723357447,3.73902E+11,4689534962,61489588895,5.21677E+11,1585631670,15651545332,6881662000,2315436303,36629843806,14930072799,1.44857E+12,,12005825770,69889347433,17933606353,2780510625,1703698677,25872798012,40804449726,1.64542E+12,2326720921,10715396135,2.52727E+11,1.46877E+13,2.703E+11,10483151094,62158002233,61348579465,57203783203,1.07352E+11,24692095945,2.45339E+11,48716960860,3.56085E+11,3181071154,504214814.8,78844702329,99291124000,3.65253E+11,24638720000,10099157270,30650285472,3984840580,1.07658E+11,4574413823,2.71837E+11,2.63032E+12,15316824039,1830413000,15842922533,3.84641E+12,70043199814,1.88835E+11,1043411111,77604632621,14169626010,1431758243,5471256595,14508218017,23827840810,3.44881E+11,1.56743E+11,21718075725,2.66769E+12,1.05869E+12,2.31548E+11,4.25889E+11,,4.07101E+11,1.89257E+12,13812425037,5.04011E+12,,43697659296,1.71082E+11,1.00667E+11,180911843.6,1.0596E+11,7780874537,18981800705,33645460617,25948915861,2250717718,3039982540,52320215472,,56546957475,73353132794,13225591804,12172128470,3.37006E+11,17465392779,14917038504,244462400,7915985514,10926820603,1.08712E+12,407515928,11859730544,6816219303,1.14725E+11,14028811072,78930257227,10562637376,33433670512,9.13865E+11,2.11735E+11,12586941393,13741378450,4.32294E+11,12116981815,3.62198E+11,73971391417,3.00306E+11,257700000,53977037000,24667052023,35432178068,2.01705E+11,3.61751E+11,5.96624E+11,2.28539E+11,1.44411E+11,2.49511E+11,1.48832E+12,10184345442,1616772748,872134546.8,807147527.6,1544713785,472914469.9,7.03368E+11,24493157583,53335016425,1200634489,4063289450,3.45296E+11,,53589609581,1545888426,3.35442E+11,1.6379E+12,1.28148E+12,80969683537,26987563444,2884248048,5.41487E+11,7.52248E+11,,,8133996648,62409709111,4.99682E+11,7574636979,21392536138,42514151614,7.19955E+11,,37600368181,1.56618E+11,2.7569E+12,2.08937E+13,53560755047,59894305353,896827873.1,,3.43243E+11,18840511908,18110631358,18051170799
18260043500,1.67983E+11,3329910724,72546985709,1471125926,4.91493E+11,13861183874,,1.54266E+12,4.77082E+11,54622176471,11208600000,38868663032,4.16265E+11,4900800000,68218816484,5.99879E+11,1789923264,17785640079,7080900000,,40408208524,17613846473,1.60898E+12,,14006569576,80271119426,19737615114,2902029386,1936174043,26961061120,45238613480,1.99076E+12,2516498299,11779980802,3.17059E+11,1.77341E+13,3.14322E+11,12523961677,64282438667,69764827467,67837788544,,27719337670,2.82341E+11,53958573693,3.97104E+11,3371102124,545618518.5,94243453937,1.06166E+11,4.04143E+11,28736940000,12269392789,36262924354,4941373182,1.11271E+11,4592118710,2.99155E+11,2.93747E+12,18269350434,2078070684,18700241392,4.22312E+12,77594279055,2.16241E+11,1122083185,85986321551,15850520384,1638517533,7409179921,20944392615,28488668302,3.68139E+11,1.82281E+11,25458933916,3.1734E+12,1.18609E+12,,4.9856E+11,,4.81591E+11,2.09988E+12,13638230996,4.93742E+12,,45243661972,1.90814E+11,1.10347E+11,,,8543423503,18827148530,38872546229,18076624840,2518468891,3486741370,41879579677,,65503849705,86710803337,14637400396,12626718074,3.72701E+11,19143741503,17189730470,248665600,8227580741,11156657770,1.29304E+12,404178049.8,13679221333,,1.32725E+11,16095828897,65067808985,12236250784,36288830373,1.01801E+12,2.49992E+11,14013022092,14950949875,4.40777E+11,13879269152,4.82437E+11,85868626528,3.46343E+11,,63605065800,26594277246,38986810989,2.23249E+11,3.94086E+11,6.74048E+11,2.49886E+11,1.79571E+11,2.84088E+11,1.7758E+12,11070356519,1764901133,889775243.4,788389971.6,,547092915,8.33541E+11,27625388352,63068134601,1320053793,4200380124,3.96987E+11,,61526331890,1645213882,4.19946E+11,1.79853E+12,1.42528E+12,84518830393,34326058557,2862131980,6.27438E+11,8.12867E+11,,,8746270636,67775101794,5.05982E+11,8413200568,21391802311,46840042941,8.15272E+11,,40434701517,2.00086E+11,3.18686E+12,2.29961E+13,59319547636,69238903106,983469256.9,,3.62638E+11,21061691630,21203059080,26217726717
