Year,Albania,Algeria,Andorra,Angola,Antigua and Barbuda,Argentina,Armenia,Aruba,Australia,Austria,Azerbaijan,Bahamas,Bahrain,Bangladesh,Barbados,Belarus,Belgium,Belize,Benin,Bermuda,Bhutan,Bolivia,Botswana,Brazil,British Virgin Islands,Brunei Darussalam,Bulgaria,Burkina Faso,Burundi,Cabo Verde,Cambodia,Cameroon,Canada,Central African Republic,Chad,Chile,China,Colombia,Congo,Costa Rica,Côte d'Ivoire,Croatia,Cuba,Cyprus,Czechia,Democratic Republic of the Congo,Denmark,Djibouti,Dominica,Dominican Republic,Ecuador,Egypt,El Salvador,Equatorial Guinea,Estonia,Eswatini,Ethiopia,Fiji,Finland,France,Gabon,Gambia,Georgia,Germany,Ghana,Greece,Grenada,Guatemala,Guinea,Guinea-Bissau,Guyana,Haiti,Honduras,Hong Kong (China),Hungary,Iceland,India,Indonesia,Iran,Ireland,Isle of Man,Israel,Italy,Jamaica,Japan,Jersey,Jordan,Kazakhstan,Kenya,Kiribati,Kuwait,Kyrgyz Republic,Lao People's Democratic Republic,Latvia,Lebanon,Lesotho,Liberia,Libya,Liechtenstein,Lithuania,Luxembourg,Madagascar,Malawi,Malaysia,Mali,Malta,Marshall Islands,Mauritania,Mauritius,Mexico,Micronesia,Moldova,Monaco,Morocco,Mozambique,Myanmar,Namibia,Nepal,Netherlands,New Zealand,Nicaragua,Niger,Nigeria,North Macedonia,Norway,Oman,Pakistan,Palau,Panama,Papua New Guinea,Paraguay,Peru,Philippines,Poland,Portugal,Qatar,Romania,Russian Federation,Rwanda,Saint Lucia,Saint Vincent and the Grenadines,Samoa,San Marino,Sao Tome and Principe,Saudi Arabia,Senegal,Serbia,Seychelles,Sierra Leone,Singapore,Slovakia,Slovenia,Solomon Islands,South Africa,South Korea,Spain,Sri Lanka,Sudan,Suriname,Sweden,Switzerland,Syrian Arab Republic,Taiwan (China),Tajikistan,Tanzania,Thailand,Togo,Trinidad and Tobago,Tunisia,Türkiye,Turkmenistan,Uganda,Ukraine,United Kingdom,United States of America,Uruguay,Uzbekistan,Vanuatu,Venezuela,Vietnam,Yemen,Zambia,Zimbabwe
2000,3480355258.04,54790392746.19,1429049198.45,9129594818.61,826370370.37,284203750000,1911563668.85,1873184357.54,415576210513.09,197289625479.91,5272798390.7,8076470000,9062898936.17,53369787318.62,3059500000,12736856827.98,236792460312.47,832072450,3519991326.48,3480219000,424464089.9,8397912525.27,5788329609.16,655448188259.35,,6001153306.26,13245833843.55,2968369991.47,870486065.88,539227277.63,3654031716.27,10566578952.79,744773415931.59,916777282.65,1388506726.62,78249883995.63,1211346869600.41,99886577330.73,3227927697.44,15013629658.65,16577533355.44,21839780971.03,30565400000,9985844486.33,61828166496.09,19088046305.8,164158739097.62,551230861.86,333470370.37,24305717541.64,18327764882.44,99838543960.08,11784927700,1045998496.44,5686579747.54,1738100853.05,8242392103.68,1678239218.27,126019543413.33,1365639660792.16,5080483464,782915402.42,3057475335.19,1947981991011.77,4983024408.15,130457756628.44,520044370.37,19288827158.9,2995361140.63,371095510.05,712667896.73,6813577558.18,7186650135.44,171668164082.56,47218405892.43,9025660361.76,468394937262.37,165021012077.81,109591707802.22,100207610429.91,1563667799.62,132455662080.3,1146676894209.73,9005064474.93,4968359075956.59,,8460424400.56,18291994909,12705357103.01,67254174.4,37712842242.5,1369688498.07,1731198022.45,7958852838.93,17260364842.45,887295267.88,874000000,38270206950.41,2483953102.79,11524776866.64,21230182989.3,4629247090.98,1743506531.33,93789736842.11,2961484953.73,4069515579.07,115347500,1779523344.34,4663313620.02,707906744574.64,233271800,1288429391.8,2647885848.54,38857251336.34,5656473652.41,6849321645.96,3922247989.86,5494252207.91,417479337444.71,52623281956.7,5107329007.09,2241753120.21,69448756932.58,3772857145.02,171247131268.6,19507452535.76,82017743416.28,146297500,12304115000,3521339699.07,8855705139.56,51744749133.21,83669693589.15,172219461126.07,118605192877.39,17759890109.89,37253259017,259710142196.94,2067579822.44,932592592.59,427946038.69,258856138.71,1005159388.24,,189514926213.33,6013184809.24,6875845986.52,614879764.78,635874002.2,96074477958.24,,20289627636.68,419845231.78,151753369491.92,576178114168.49,598363313494.9,16330814179.98,12257418326.07,947671969.7,262835454366.86,279841151705.35,80590022271.71,,860521119.3,13375976353.7,126392233706.79,1491891107.96,8154338232.96,21473261837.02,274302959053.1,2904662604.82,6193246837.1,32375280320.58,1662127402027.54,10250947997000,22823255801.84,13760513969.31,272014693.05,,31172518403.32,9652436179.65,3600683039.73,6689957600
2001,3922100793.54,54744712814.87,1546926174.5,8936063723.2,800481481.48,268696750000,2118467913.38,1896648044.69,379083932596.33,197508773215.32,5707720390.85,8317830000,8976196808.51,53991289844.33,3054500000,12354820143.88,236746141604.37,871590369.33,3666222600.1,3680483000,461444513.67,8141537877.07,5489608299.66,559983704094.17,,5601090584.36,14183497963.11,3190371050.46,876794723.07,563024383.3,3984000517.02,10953485244.42,738981792355.37,932648604.42,1710843360.65,71517080040.63,1339395718862.89,98211749595.54,2796704603.04,15976174336.97,16810536883.72,23273640257.2,31682400000,10397897085.61,67808032979.54,7438189100.33,164791442543.38,572417440.82,340203703.7,25601765400.52,24468324000,96684636118.6,12282533600,1461139022.03,6254649538.98,1542477308.89,8231326016.47,1652464201,129533107311.81,1377657339291.34,5023265365.25,687408804.63,3219488663.77,1945790973803.15,5314909953.93,136309295225.34,520444185.19,18405203853.1,2829435956.52,392621385.89,712167575.62,6331961555.41,7651174661.43,169403241524.34,53749989092.02,8234846804.61,485441014538.64,160446947784.91,126878750295.94,109346669229.7,1659131243.74,130816321183.16,1168023426056.38,9194717836,4374711694090.87,,8975689844.85,22152694161.89,12986007425.88,63101272.37,34887512226.93,1525116370.28,1768619058.35,8362398701.59,17649751243.78,825706961.24,906000000,34110064452.16,2491822706.8,12237388001.73,21387533703.23,5438332738.1,1716502862.3,92783947368.42,3468337941.09,4088368978.35,122824000,1746064718.79,4613630622.78,756706300589.79,240970900,1480673594.06,2718868306.01,39459581217.38,5398568543.63,6220270632.34,3557333364.31,6007055042.18,431586852369.69,53872425916.62,5323146565.7,2448714680.56,74030364472.05,3709637829.95,173972218824.03,19452000520.16,79484403984.88,156907900,12502013400,3081024212.43,8495806432.18,52030158775.41,78921234457.55,190905493539.17,121604107165,17538461538.46,40394824679.12,306602070620.5,1965500949.34,892592592.59,462072315.6,266299603.52,1077413479.05,75951210.69,184137469733.33,6507824767.06,12960538723.76,622262057.19,1090467712.31,89794943349.89,,20876309970.39,409507389.16,135429607036.66,547658231279.87,627830029412.21,15749753804.83,15716489369.93,834279357.8,242395852494.41,287226531168.52,86771314031.18,,1080768906.5,13581644245.74,120296476180.4,1482437752.06,8824873259.32,22066031834.29,201751148417.1,3534803921.57,5840503868.57,39309580983.23,1643908161796.46,10581929774000,20898788416.63,11401421329.2,257926881.72,,32685198735.31,9861560094.74,4094480988.12,6777384700
2002,4348068242.2,56760355865.01,1755910032,15285594828.42,814381481.48,97724004251.86,2376335048.4,1962011173.18,395342716617.83,214394866675.24,6235856819.58,8881160000,9593510638.3,54724081490.51,3106500000,14594249022.89,258383599375.18,932292858.89,4194342849.47,3937228000,520849551.53,7905485146.44,5438857106.74,509795270685.19,,5843329107.56,16402846413.1,3622350203.95,825394490.16,620974660.23,4284028482.54,12417251815.88,760649334098.01,996068145.61,1997005786.54,70294892400.06,1470550015077.93,97963003804.79,3034250926.18,16578820687.29,18054384023.11,27074550257.81,33590500000,11420227884.62,82196001050.75,8728038525.14,178635163717.43,591122039.6,333196296.3,27137508656.85,28548945000,85146067415.73,12664190300,1806742742.27,7367975887.73,1432228125.27,7850809498.17,1833279985.37,140404460203.14,1501409382971.38,5335451307.54,578236035.1,3395728013.85,2078484517474.51,6166330136.29,154564203586.95,540336925.93,20444205991.03,2950198648.95,417806667.08,726131434.72,6058134466.75,7858235333.48,166349228737.39,67608919144.37,9318395054.86,514937948870.08,195660611165.18,128626917503.72,128596035288.4,1947332921.75,121148475241.67,1276769338449.3,9719017925.93,4182846045873.61,,9582453032.44,24636593223.35,13147743910.72,72196457.68,38137545245.15,1605643104.73,1758176653.08,9557031605.28,19152238805.97,775780697.68,927000000,20481889763.78,2688630822.53,14259781159.01,23649833332.17,5351701534.16,3495748397.63,100845526315.79,3908121309.86,4470446391.45,131738200,1777058592.99,4841310239.64,772106378935.38,242517200,1661818168.42,2968987019.23,42236836820.62,5677003239.29,6110632857.67,3349184760.03,6050875806.66,473861980070.98,66627729311.45,5224213017.54,2782192986.96,95385819320.57,4018365247.44,195524186477.62,20142756046.81,79904985384.87,163184900,12994310400,2999511040.2,7196260656.85,54777553515.08,84307291973.82,199072058823.53,134795565549.42,19363736263.74,46066101951.29,345470494417.86,1964832511.93,900000000,487763848.93,281793614.91,1168269230.77,85171308.17,189605920240,7006402592.45,17120906918.35,697518248.18,1253340519.53,92537752708.59,,23489890274.31,346405301.68,129088132201.85,627246081417,708756677088.63,16536535647.08,18136839087.01,1093574468.09,266849061835.66,310175772488.13,90558485523.39,,1221120798.81,14142035080.28,134300851255,1706698099.45,9008273720.93,23142153759.58,240253216295.12,4461978498.87,6178563590.89,43956369917.02,1784076738609.11,10929112955000,13606494599.43,9687788512.8,262596597.8,,35064105500.83,10694628091.67,4193845678.17,6342116400
2003,5611496257.14,67863828412.69,2361726862.3,17812704825.2,856396296.3,127586973492.18,2807061008.69,2044134078.21,467390797903.32,262273631180.05,7276753894.72,8870090000,11074813829.79,60158929188.26,3209500000,17827791321.31,318082528506.59,990727709.55,5349258334.32,4186525000,604041957.92,8082364816.17,7511582173.38,558233724164.71,,6557333084.61,21144983551.68,4740768355.23,784654423.62,813963830.18,4658246918.27,15970315751.03,895540646634.79,1142315522.2,2742815194.55,76507577234.6,1660287965663.89,94641378693.22,3503723086.7,17271760506.95,21251755293.95,34985749883.42,35901200000,14547325028.31,100090467581.27,8937567059.88,218096033517.01,622044665.52,343311111.11,21403167848.14,32432858000,80288461538.46,13243892200,2484745935.09,9874013098.46,2197612701.1,8623691300.04,2300453634.35,171652458349.41,1844544792036.86,6511903657.44,487038821.61,3991284895.37,2501640388482.35,7632406552.84,202370140236.27,591018407.41,21576351798.91,3446441698.01,477458598.71,743064076.79,4826827577.09,8230387552.23,161384522525.3,85302003908.04,11429333037.84,607699285433.87,234772463823.81,153544751395.43,164670771259.6,2328658227.85,127046633802.51,1577621707050.51,9430230564.47,4519561645253.53,,10195660789.84,30833699702.76,14904517649.85,90231856.8,47876510067.11,1919008090.5,2023324407.3,11771975156.81,20082918739.64,1157832934.55,748000000,26265625000,3070691319.52,18781721376.2,29667268248.13,6372498719.85,3208837077.25,110202368421.05,4714071978.29,5448415500.17,131398500,2051147606.74,5816553826.86,729336319677.45,245432900,1980907434.77,3601321064.55,52064058833.97,6303391143.83,7754647428.07,4926471294.3,6330473096.54,580070360701.96,88250885550.26,5322454925.85,3394084884.67,104911947834.12,4946292774.79,228858506821.84,21633708192.46,91760542940.07,153963200,13693981200,3536411824.3,7691367471.18,58731030121.87,87039145965.28,217827260805.84,165226175536.79,23533791208.79,57806506024.1,430347770731.79,2137156726.9,987407407.41,509090899.07,333428714.37,1464326160.82,102085583.47,215807655253.33,8768721956.33,22482365321.77,705704816.04,1385810072.19,97645448283.78,,29634713641.1,352531728.37,197020241490.08,702717332012.99,907491523174.12,18881765437.22,21355576672.54,1274190311.42,334337212322.08,363063293977.87,95693808463.25,,1555301496.05,15224257698.48,152280677649.06,2115836353.12,11305459802.07,27453007372.91,314592428076.49,5977560877.44,6606884390.78,52010238715.85,2057093877551.02,11456442041000,12045631092.54,10134453435.46,314471328.07,,39552513316.07,11777966673.39,4901839731.27,5727591800
2004,7184685781.52,85332581188.61,2894921778,23552047248.43,919729629.63,164657930452.79,3576615240.42,2254748603.35,614166310997.3,301457562038.54,8680370408.06,9055290000,13150159574.47,65108544250.04,3444500000,23144351851.85,369214712443.21,1057653620.03,6190270756.14,4484703000,682523857.02,8773451751.51,8957467706.54,669289321944.52,,7872333215,26157894736.84,5451688868.43,915257323.4,924318490.76,5337833248.04,18826215278.06,1026690238278.25,1272360516.62,4422855929.21,99079230169.64,1955347004965.69,117081522349.68,4656974937.55,18610594846.21,23510577108.23,41958833541.1,38203000000,17320552500,119814434353.58,10297483481.22,251373002954.38,666072101.78,367200000,22322395368.03,36591661000,78782467532.47,13724810900,4410764338.67,12145911801.24,2770082791.5,10131187261.44,2708078476.63,197479443979.15,2119633181634.37,7770219479.73,961900106.89,5125365191.99,2814353869359.08,8881368538.08,240963562236.13,599118592.59,23577286226.64,3635458132.65,532062927.38,787814379.18,6036959914.72,8869311410.95,169099768875.19,104141042625.79,13825302535.77,709148514804.66,256836875295.45,190043433964.84,194372115041.07,2822358473.17,135571348058.9,1806542968545.56,10174664853.95,4893116005656.56,,11411390409.03,43151647002.61,16095337093.84,102367039.27,59439090600.61,2211534585,2366398119.88,14435700533.37,21159827992.04,1511236655.52,897000000,33122307692.31,3454362685.97,22627507451.56,35064843792.9,5064732715.73,3476094498.88,124749473684.21,5454249122.71,6098092551.07,132440200,2362501023.24,6578844486.06,782240601984.76,240236000,2598249555.9,4137913500,59626020162.38,7631120533.36,9390855297.74,6609198832.76,7273938314.72,658380081545.18,103905210084.03,5795568204.65,3760443965.73,136385979322.44,5682788267.13,264511630666.98,24763712873.86,107759683863.12,165186200,15013381700,3927157866.96,9624440836.29,66768703497.57,95002028504.69,255110181539.81,189382122532.17,31734065934.07,74972669056.59,591016690742.8,2375376873.11,1066666666.67,549900170.1,407749576.87,1723750000,114582561.63,258742263040,10076817278.1,26141968161.09,839319927.27,1448536630.88,115035498757.54,,34414784504.24,397557524.02,255806631391.55,793175007858.07,1069055675273.75,20662525941.3,26645490675.04,1484092538.41,385118044877.47,405531321270.61,112863340757.24,,2076182460.87,16675948414.76,172895749632.05,2259992642.29,13280275123.04,31183059012.44,408876042651.7,6838351088.47,7939487473.86,67220154164.32,2421814353716.59,12217193198000,13686329890.12,12030023547.88,364996869.13,,45427854693.26,13872791658.55,6221077674.78,5805598400
2005,8052073539.38,103198223709.44,3159905484.39,36970918699.25,1022962962.96,198737095012.28,4900469950.09,2359776536.31,695075176665.16,316092273276.02,13245716099.01,9836200000,15968723404.26,69442943089.43,3819500000,30207567316.62,385714762230.04,1111453823.62,6567654493.51,4868136000,796938120.18,9549077918.7,9918907108.1,891633826603.38,,9531402847.87,29869283400.04,6146352742.03,1117113045.65,971977088.16,6293046161.83,19509850837.27,1173108598778.68,1337894379.63,6649307057.03,122314960843.92,2285965892364.2,145619191582.06,6650001684.9,20040642476.98,24036917016.59,45780237257.19,42643836100,18433411267.26,137143471328.27,11964484667.91,264467336457.17,708633194.73,364255555.56,35777570135.52,41507085000,89600665557.4,14698000000,8217369092.65,14106790200.22,3178126491.91,12401139453.97,2980484920.17,204885494686.38,2196945232435.8,9582783318.39,1027702254.39,6410823633.25,2846864211175.1,10744675209.9,247875422204.41,695555555.56,26783543667.06,2937071767.26,587029054.44,824880550.34,7184064657.3,9757034456.76,181570082162.19,113236711635.54,16852963067.05,820381595512.9,285868618224.02,226452138291.54,211876989655.91,3032400000,142657069099.98,1858217147203.73,11243868485.74,4831467035389.8,,12588665303.24,57123671733.9,18737897744.79,112133944.25,80798630136.99,2460248026.18,2735558726.26,17003459863.1,21497336498.97,1682350934.85,949000000,47334148578.42,3659251525.86,26097677571.84,37672280120.48,5859269849.15,3655909664.14,143534102611.5,6247515892.3,6416184181.07,136559500,2936019525.6,6488750452.6,877476221382.1,250281900,2988348836.47,4203084193.51,62343022650.87,8542070109.71,10588433068.85,7248394160.36,8130258041.47,685348181515.95,114720129550.1,6321335612.22,4383315656.99,176134087150.34,6258600713.83,308884284051.22,31081991677.5,120055291992.94,190452900,16374393900,4865892972.28,10737500188.11,76060606060.61,107419961717.69,306144336269.51,197253876704.92,44530494505.49,98452791982.7,764017107992.39,2932340855.32,1135555555.56,579948909.32,476801791.15,1785847531.4,136450274.67,328459700114.76,11009032665.39,27683225959.25,919103254.55,1650494367,127807618360.97,,36206395970.65,476836691.06,288868489078.99,934901071332.98,1153715822717.51,24405791044.78,35182105414.39,1793388732.29,392218088878.78,420544947799.55,134203830734.97,,2312327536.42,18399046025.27,189318549680.38,2281482855.47,15982282462.38,32273007553.57,506308311476.63,8103901996.37,9239221858.56,89239370109.47,2544829090909.09,13039199193000,17362857683.85,14307509838.81,394962552.34,,57633255618.27,16746344766.2,8331870169.15,5755215200
2006,8896072918.98,117027307540.89,3456442102.62,52381006892.04,1157662962.96,232557260817.31,6384451606.14,2469832402.23,747556154537.29,336280064332.41,20982986344.3,10167250000,18504760638.3,71819083683.74,4217450802.55,36954312354.31,408259840868.82,1211148304.51,7034111651.5,6144000000,874989895.6,11451869202.16,10137883299.32,1107626711406.63,,11470703002.08,34379808888.6,6547420133.7,1273375020.27,1107891063.44,7274595706.67,20910513974.62,1319264809590.97,1461859762.63,7428701809.41,153840051814.06,2752131773358.92,161618581266.32,8072305030.68,22715540324.3,25281414472.99,50860788253.22,48835925925.93,20072786350.52,156264095664.64,14451902467.93,282884947702.97,768873684.03,390251851.85,37879869897.9,46802044000,107426086956.52,15999890000,10086528698.86,17022870405.22,3291353835.93,15280861834.6,3076305452.87,217089269791.76,2320536221304.7,10327598800.67,1054113426.71,7745394293.42,2994703642023.53,20440893017.16,273546728473.07,698700666.67,29744368110.91,4220019242.75,592365688.05,2379818382.99,7518107786.51,10917481688.47,193536265094.36,115751266695.19,17465318552.29,940259888792.14,364570514304.85,266298911661.14,232180617162.28,3422651333.95,154145495309.48,1949551719389.64,11930171468.38,4601663122649.92,,15056929760.23,81003884545.41,25825524820.81,110234939.76,101548931771.19,2834168889.42,3455031447.6,21570076498.62,22022709851.54,1800105589.6,1119000000,60092950669.91,4000239272.61,30183575103.53,42910146296.06,6395712392.24,3998020176.67,162691238209.48,6905934219.29,6778324049.68,141515800,3919577285.93,7028803365.7,975387131716.09,253541900,3408244549.2,4582988332.71,68640825480.92,9176889070.42,11863016315.29,8001779551.06,9043715355.89,733955269898.82,111538810712.67,6763361732.88,4756361479.99,236103982431.64,6861222331.96,345581369965.54,37215779713.91,137264061106.04,192382400,18141666300,8355006706.58,13429430050.26,88643193061.75,127652859201.04,344622003093.58,208756449275.85,60882142857.14,122022997508.01,989930542278.7,3318107347.28,1268319185.19,643501156.91,499923741.37,1908167105.76,142775597.26,376900135727.64,11697918802.79,32482070360.32,1016418229.25,1885112201.85,148630373214.17,,39481045038.26,538614679.02,303860874149.01,1053216909887.56,1260398977831.76,28279814924.59,45264519502.65,2626380435.18,423093437423.76,443801905407.56,153799910913.14,,2830220713.07,18649590248.26,221758196504.94,2351584608.41,18369361094.39,34377310293.01,557057829051.45,10276674364.9,9977647644.7,111884752475.25,2717059797608.1,13815586948000,19579457966.05,17330833852.92,439376794.09,,66371664817.04,19061978586.13,12756858899.28,5443896500
2007,10677324144.43,134977082623.78,3952600602.24,65266452081.39,1312759259.26,287530508430.57,9206301700.4,2677653631.28,853955405511.5,389185571506.05,33050343782.78,10618340000,21730000000,79611888213.15,4674007452.49,45277399813.61,470922156309.45,1283112550,8169048690.05,6767000000,1168308516.63,13120183207.66,10939053365.48,1397114247331.17,,12247694247.23,44405101469.56,7625723123.55,1356199364.86,1513933983.22,8639235842.18,23928251333.74,1468820407783.26,1699811293.26,8650138068.63,172565850839.16,3550342737009.53,206181826825.28,8782703427.96,26884700345.03,28760092034.47,60542673502.53,54262870370.37,23968764029.56,190183800884.02,16737071816.38,319423424509.07,847918929.11,421374074.07,43965420072.41,51007777000,130437828371.28,17011750000,13071718758.74,22449129482.62,3469363996.37,19707616772.8,3378314599.76,256378067752.16,2660591246211.77,12455410055.75,1279704744.83,10172882370.55,3425578382921.58,24827844949.6,318902829550.73,758683592.59,33567868322.63,6281917655.9,696910810.92,2730971150.01,9522763153.81,12361257680.56,211597405593.87,140227560615.12,21652505596.75,1216735441524.86,432216737774.86,349881601458.56,270079279419.5,4466100440.18,179161786957.47,2213102482751.46,12799593017.71,4579750920354.81,,17110587447.11,104849886825.58,31958195182.24,132671742.95,114639690358.9,3802566170.82,4223152219.24,31054350977.98,24827355014.66,1682016947.23,1373000000,68035403136.39,4601299566.81,39697891351.94,51587401415.79,8524620739.24,4432937045.8,193547824063.3,8156468818.01,7925371475.5,148346700,4346206808.54,8150138757.16,1052696282278.87,256787200,4401189466.14,5867916780.73,79041294874.46,10450843291.29,15591182544.71,8839526451.58,10325618017.38,848558887541.18,137188946865.58,7423313548.53,5731485267.33,275625684968.62,8336478142.09,400937100158.66,42085379453.84,152385716311.92,198897700,21295984200,9545177014.13,17856393235.43,102170981144.14,155980378253.63,429028505365.08,240496147317.38,79712087912.09,174585202805.23,1299705764823.62,4068224991.09,1336088814.81,713596662.15,573548460.43,2185874623.6,149146423.08,415964583055.37,13994218939.24,43170990616.47,1033561654.06,2158496872.86,180941941477.01,,48067401207.4,620211238.89,333075462599.71,1172614086539.86,1474002579820,32350248410.82,59440139774.81,2936612021.86,491252589217.02,493537376707.76,180030111358.58,,3719506172.84,21843529024.92,262942476722.43,2662612348.44,21641620049.94,38914078351.8,681337335021.87,12664165103.19,11902564401.32,148733861386.14,3106182472989.2,14474226905000,23410572634.31,22311393927.88,516392922.51,,77414425532.25,21650532264.23,14056957976.26,5291950100
2008,12881353507.85,171000699876.75,4085630584.44,88538610805.32,1370070370.37,361558037110.42,11662040713.88,2843016759.78,1055127126230.98,432051935642.95,48852482960.08,10526000000,25710904255.32,91631278239.32,4784925079.03,60763483146.07,517328087920.08,1352588867.73,9787735426.01,6980000000,1227808790.67,16674324661.87,10945070441.93,1695855391810.9,,14393099068.59,54438966419.86,9451436358.97,1611835901.91,1789333748.68,10351914093.17,27715144580.27,1552989690721.65,1993407886.56,10393834720.85,179663403196.99,4594307032667.98,242186950900.78,11649857662.14,30801744881,34078243426.01,70750646248.06,56302129629.63,27844698989.31,236816485762.99,19788515873.89,353361038818.38,999105339.27,458188888.89,48122547177.19,61762635000,162818181818.18,17986890000,19749893536.32,24341678628.97,3294093485.21,27066912635.22,3523185919.56,285716311136.72,2930303780828.12,15571349775.78,1561763437.03,12795076469.01,3745264093617.19,28678701891.1,355908689477.45,825976037.04,38503862830.69,6964179193.84,868154708.52,3025187923.59,10485225353.18,13881701033.65,219279678430.16,158374419641.02,18074622987.02,1198895582137.51,510228634992.26,412336172446.85,275447471451.06,5928420955.88,216711549609.81,2408655348718.59,13709402085.32,5106679115127.3,,22657662392.56,133441612246.8,35895153327.85,141042610.3,147395089285.71,5139957784.91,5446434031.69,35854274228.91,29118916105.61,1766825412.77,1726000000,86708074534.16,5081432924.01,47797551587.88,58844277701.53,10725137930.83,5321012192.34,230813897715.69,9838403090.96,9090406767.25,151898900,5206444406.66,9990370016.31,1109989063586.62,263145100,6054849884.53,6476490405.74,92507257783.57,12556195188.6,23013015832.1,8607475308.12,12545438605.4,951869997864.06,133131369930.41,8496946608.23,7297600896.86,339476215683.59,9909548410.83,462250000000,60905452535.76,170077814106.31,198283900,25155888600,11670840931.82,24615276689.86,120550599815.44,181624577154.68,533609081852.9,263416394624.08,115270054945.06,214313628965.02,1660846387624.78,5177230923.29,1437731111.11,732663263.52,641346174.9,2393437820.42,188021190.59,519796738640,16853991176.91,52194221468.5,967199593.96,2505458705.03,193611986712.84,,55779427739.66,699203616.46,316132138757.08,1047339010225.25,1631863493552.34,40713812309.73,64831935604.25,3532969034.61,517706149201.2,570304197211.71,218089977728.29,,5161337336.4,27941177434.51,291382991177.7,3323677130.04,27871587349.54,44860969077.19,770462156204.38,19271523178.81,14440404021.49,188111140643.99,2938882352941.18,14769857911000,30366213119.29,29549438883.83,590748237.02,,99130304099.13,26910851361.76,17910858637.9,4415702800
2009,12044208085.86,137211035770.03,3674409558.21,70307166934.33,1228329629.63,332976484577.62,8647936747.99,2553631284.92,928042998085.7,401758735822.21,44291490420.5,9981960000,22938218085.11,102477791472.39,4465657314.64,50874078052.27,483254171097.81,1320605471.63,9738626993.28,6656000000,1234014291.82,17339992193.73,10267133177.73,1666996294372.87,,10732366286.26,52023504656.29,9450697335.54,1781455092.07,1711817181.53,10401851850.61,27932971683.42,1374625142157.29,2067381663.75,9290728773.36,171412642047.33,5101703073088.97,232397835678.34,9723299908.19,30745712006.53,33886814907.03,63084004705.08,57481481481.48,25945391775.49,207434296805.33,18648373312.42,321241303699.01,1049110684.72,489074074.07,48261033298.21,62519686000,189147005444.65,17601620000,15027795173.22,19633031397.61,3580417066.92,32437389116.04,2870624635.68,253497520828.52,2700887366932.03,12113699660.68,1450140385.97,10766836276.56,3411261212652.34,26048108185.05,331308500253.27,771275555.56,37125943564.99,6716904568.76,830126469.99,3165663152.73,11597014807.35,14587496229.18,214046415026.19,131114229049.18,13154414219.21,1341886602798.69,539580085612.4,416397025729.36,236443115853.7,5487083657.89,207953439208.61,2199928804118.63,12120460872.8,5289493117993.89,,24537876056.34,115308661142.93,42347217912.92,132419903.29,105963168867.27,4690062255.12,5836138127.07,26410909090.91,35399582928.62,1740830510.87,1768000000,60810211408.06,4504549214.23,37388122046.15,54467289897.56,9616879571.46,6191127665.2,202257625195.06,10231962382.78,8696366907.47,149769600,4714592492.93,9128843109.16,900045350649.35,280284600,5439422031.4,5451653237.01,92897320375.82,11914471497.15,29455165594.69,8938868165.39,12854985464.08,871518638049.22,121373602348.68,8298679908.55,7352131669.29,295008767295.04,9401731495.72,386190385318.77,48388363589.08,168152775283.03,187522800,27116635600,11619637798.99,22355161514.35,120822986521.48,175974711592.15,439737508413.19,244667762835.54,97798351648.35,174103695930.21,1222644282201.86,5671592572.2,1401507888.89,714300243.78,628006123.27,2056126701.86,187820464.57,429097899280,16145868284.56,45162894380.93,847397850.09,2453899846.88,194152286008.94,,50567734885.96,735997355.68,329753048857.05,943941876218.74,1491472923706.64,42066217871.53,58316191440.37,3875409836.07,436537014293.55,558199868578.26,224561692650.33,,4979481980.35,29081425282.29,281710416557.29,3379258564.97,19172165225.5,43454935940.16,649272568774.19,20214385964.91,25127805566.45,121552777492.56,2425798410967.44,14478064934000,31660911277.03,33689223673.26,592622502.36,,106014659770.22,25130274124.25,15328342303.96,9665793300
2010,11926922828.99,161207270185.25,3449925738.86,81699556136.66,1148700000,423627422092.49,9260284937.8,2453631284.92,1147589183475.73,392275107258.67,52909294791.93,10095760000,25713271276.6,115279077465.23,4529928302.17,57222490768.71,481420882905,1387925188.49,9535344283.47,6634526000,1547991317.81,19649631308.16,12786654498.35,2208838108577.09,,13707370737.07,50682061053.2,10109618964.28,2032135246.5,1664310769.55,11242275198.98,27507499709.07,1617343367486.26,2142591375.85,10668102734.81,217105420016.53,6087163874510.73,286563105192.46,13148396205.67,37658614803.28,34936305296.97,60426018629.3,59562962962.96,25732432719.08,209069940963.18,21565720044.46,321995279401.5,1128611700.36,493825925.93,53860175556,69555367000,218983666061.71,18447920000,16314442183.35,19523477325.62,4438778424.3,29933790334.34,3140508835.95,249424310816.67,2645187882116.67,14372591916.48,1543292392.55,12243505582.67,3399667820000.01,32197272797.2,297124961971.5,771013259.26,40676432028.59,6853467857.61,849878424.23,3432913073.24,11859315078.79,15839344591.98,228637697575.04,132231134158.61,13751161917.74,1675615335600.56,755094160363.07,486807615326.15,221876011283.5,5920177688.5,234654589559.97,2136099955236.67,13220556882.7,5759071769013.11,,27133804225.35,148047348240.64,45405587556.73,155299728.49,115419399860.43,4794357795.07,7131773632.71,23956163076.56,38443907042.32,2234731973.55,1998000000,75380170508.37,5082366478.09,37128694028.24,56213985987.42,9982711338.12,6959655570.89,255016609232.87,10689168011.44,9035932122.5,160407100,5628878865.99,10003670690.35,1057801295584.05,296944100,6974982392.67,5367625613.15,93216746661.6,11104649065.16,37796052938.73,11431334447.43,16002656434.47,847380859016.67,146517541181.25,8758639096.48,7851191899.34,361456622215.72,9407168702.43,428757038466.84,64993498049.41,177165635077.07,185943000,29440287600,14250755231.13,27129301212.18,147528937028.78,208368726861.41,479834179020.33,238113003233.28,125122306346.15,166309355234.59,1524917468442.01,6121529488.49,1486758037.04,720447880.16,663161528.41,1881214370.94,196652514.27,528207332649.54,16121314670.97,41819468691.83,969940010.25,2578026297.16,239809387605.43,,48208240226.45,846767635.94,417365076968.26,1144066965324.49,1422108199783.34,56725749221.9,74151186600.17,4368398047.64,495812558843.31,603434493402.68,252518218262.81,,5642178579.58,32014249841.42,341104820155.46,3429461495.41,22157948396.2,46206091937.96,776992599946.77,22583157894.74,26673441667.28,141209864408.49,2491110093454.18,15048964444000,40284481651.9,49765676402.45,670713208.08,,147198853578.92,30906749533.22,20265559483.85,12041655200
2011,12890764531.33,200013052199.2,3629133574.28,109436531427.07,1137637037.04,530163281574.66,10142111334.5,2637988826.82,1397907916789.9,431685217367.51,65951627200.2,10070450000,28776595744.68,128637938711.39,4657699461.46,61757788944.72,523330354138.13,1466822039.41,10693321953.64,6312691000,1777101316.68,23963033429.44,15351972361.15,2616156606666.62,,18525319977.74,57678241023.82,12080296644.06,2235820867.83,1865915544.12,12829541141.01,30630912184.78,1793326630174.52,2437982839.63,12172309522.62,251224856981.29,7551500124197.17,334943871931.75,15655383585.99,42762617081.65,36693712824.82,63169910822.13,68990000000,27565469098,229562733398.95,25839749198.82,344003137611.27,1239144501.78,501025925.93,58029750745.65,79276664000,235989672977.63,20283780000,21357344847.5,23213994093.46,4820499924.25,31952763089.33,3774530615.66,275604356167.32,2865157541994.17,18210308748.29,1409694553.91,15107441446.78,3749314991050.59,39337314809.94,282995942006.56,778655925.93,46876114650.5,6785137172.77,1099818651.98,3691384317.52,13008754110.81,17710315006,248513617677.29,141999960209.89,15221622925.93,1823049927771.46,892969107923.09,626133114526.81,238975558966.53,6566098381.67,262293871093.06,2294994296589.5,14444655299.88,6233147172341.35,,29524149154.93,192626507971.58,46869457318.25,180665807.22,154068115942.03,6197766118.6,8750107401.58,27474380566.27,39927125961.19,2579421686.25,2398000000,48167374611.99,5739977477.48,43535051482.39,61696281326.25,11551819617.63,8004000737.31,297951960784.31,12995112698.01,9638916481.07,172188500,6764627665.69,11518393367.24,1180489601957.61,311301600,8414351671.96,6088808463.25,101370474295.11,14381552466.6,54118601974.79,12523402328.77,21573862466.83,905270626332.69,168291357111.74,9774307336.24,8772951261.82,404993594133.58,10494632699.39,498283438454.28,77497529258.78,213587413184,196911100,34686224300,17984910501.9,33737052170.49,171761737046.59,234216930369.8,528301269069.8,245117990242.25,167775268614.04,183326740143.02,2045925608274.37,6881379761.84,1576988407.41,713796368.7,737401684.08,1813752783.96,231489270.14,671238840108.23,17814284622.17,49258136128.97,1065823923.14,2942546781.05,279351168707.27,,51583869785.18,1049889691.54,458201514136.98,1253223044718.99,1480710495710.12,65292753005.47,78403418360.46,4422276621.79,574094112972.73,722038242134.62,73616694709.23,,6522732202.51,34657139495.4,370819140946.55,3872459249.75,25433011405.3,48122744708.06,838762755164.18,29233333333.33,27871725205.57,169333048847.83,2674891473843.81,15599728123000,47962439303.72,60178909297.21,770153304.15,,172595960457.83,32726417212.35,23459515275.58,14101920300
2012,12319830437.35,209058991952.13,3188652765.36,124998158417.86,1199948148.15,545982375701.13,10619320048.59,2615083798.88,1546508558465.66,409401816050.53,69683935845.21,10720500000,30749308510.64,133355749482.48,4610095997.77,65685102554.88,496152879924.73,1531348953.18,11141358945.13,6378188000,1781281281.58,27084497481.91,14380004175.12,2465228293894.01,,19047940300.9,54300857424.44,12561016091.47,2333341374.9,1741809808.96,14054443213.46,30155064574.07,1828366481521.6,2510126699.05,12367363677.62,267175872540.07,8532229986993.65,370921320483.84,17692911280.56,47231651862.84,36302305578.25,57192346923.34,73141000000,24978513426.7,208857719320.65,29306235826.39,327148943812.14,1353632941.52,485996296.3,60681537195.8,87924544000,279116666666.67,21386150000,22388345810.25,23019150071.19,4886533032.89,43310721414.08,3972012570.53,258290060227.73,2683671716967.19,17170465294.03,1415006238.1,16488403076.36,3527143188785.16,41270954737.25,242029307133.41,799882259.26,49593961141.75,7638045254.43,989271229.64,4063089191.88,13708926466.27,18528601901.32,262629441493.48,128857370476.63,14751508133.54,1827637859135.7,917869910105.75,644035510447.9,225496810956.67,6690725118.48,258417104163.53,2086957656821.6,14807086889.21,6272362996105.03,,31634561690.14,207998568865.79,56396706005.94,189630114.86,174070382279.39,6605139933.41,10192848926.26,28169902669.38,44016799515.82,2477702252.8,2791614000,92538004279.94,5456009384.66,42927454291.48,59776383527.36,11578974887.96,6028487928.83,314443149443.15,12442035328.04,9462238211.49,180436300,6728208836.22,11668685524.13,1201089987015.45,327248700,8709138764.76,5743029680.07,98266306615.36,16350813486.99,58318677644.95,13042007432.45,21703106501.97,838923319919.53,176206659722.52,10532006608.14,9426913349.22,455501524575.5,9745251126.01,509506317146.54,87408842652.8,224383620829.57,212397800,40429734400,21295659243.62,33296438306.47,192648999090.08,261920509950.56,498523568248.12,216224240577.96,186833502362.13,170635805316.88,2208295773643.15,7650671476.95,1605146777.78,730032600.11,760549577.7,1604779647.95,250680845.75,735974843348.66,17660871726,43309252921.06,1059496470.22,3801862611.36,295087220933.02,,46577793184,1191045573.2,434400545085.81,1278427634342.59,1324744314781.64,68434409315.11,63195499524.21,4980000000,552483727282.8,692109693986.89,44117799606.71,,7633049792.09,39650530214.33,397558222957.17,3873308389.3,25781712702.86,47311159485.24,880556375779.51,35164210526.32,27305915761.29,182592416468.53,2719158341005.79,16253972230000,51264390116.49,67517349212.06,747839697.75,,195592471672.75,35401341663.04,25503060420.03,17114849900
2013,12776220507.02,209755003250.66,3193512950.02,133401594460.92,1181448148.15,552025140252.25,11121465767.41,2727932960.89,1576335282651.07,430190979705.96,74164435946.46,10562800000,32539468085.11,149990451022.29,4677248301.9,75527984234.23,521791015247.06,1581844936.42,12517845732.21,6465756000,1756215665.09,30659338885.67,14901750991.2,2472819362216.69,,18093829923.27,55810138436.48,13444301139.14,2451606684.32,1850470042.43,15227991395.22,33728622819.09,1846597421834.98,1691544192.38,12953535495.88,277239461340.4,9570406235659.64,382116126448.55,17958720704.46,50949672205.92,42760237561.44,58889082315.34,77148000000,23900872625.85,211685616592.93,32679745297.65,343584391647.93,2042817162.86,498296296.3,62682163837.35,95129659000,288434108527.13,21990960000,21948835350.34,25115753366.11,4597532029.7,47648211133.22,4190143206.26,271362405890.59,2811876903329.03,17595745653.37,1375608956.1,17189551520.98,3733804649549.03,62823043706.47,238907690051.13,842620111.11,52996540703.59,8376613843.27,1046087417.97,4167800259.21,14902474090.62,18499710127.84,275696879834.97,135732595721.85,16125060515.31,1856722121394.53,912524136718.02,492775565649.56,238279269750.99,7000748788.49,294167366504.27,2141924094298.56,14264202737.31,5212328181166.18,,34454440140.85,236634552078.1,61671425370.02,184550740.14,174161142454.16,7335027591.92,11983252611.27,30204783461.85,46880103080.66,2367113170,3177198100,75350633010.93,6391735893.84,46523420074.44,65203276466.98,12423555269.39,5518880768.58,323277158906.98,13242690790.06,10551661176.78,184840400,7223071177.16,12129642296.44,1274443084716.57,317214400,9496717702.45,6555983530.35,106825649872.11,16974314296.22,60572257122.3,12043276397.17,22162208956.14,877172824534.51,190906575136,10982979274.19,10224897934.72,508692961937.49,10817712138.95,522761531914.89,89936020806.24,231218567178.98,221117200,45599994000,21261432791.27,38651334287.67,201175469114.33,283902728260.72,521016262734.92,226433858005.71,198727642979.3,190801346194.3,2292473246621.08,7815975293.67,1664816740.74,764781242.71,770059564.97,1678841811.66,300554483.61,746647127407.62,18918668644.19,48394239474.68,1328089686.37,4920343194.99,307576360584.99,,48415657264.88,1284763287.27,400886013595.57,1370795199976.18,1355142585077.65,74317806538.36,66026600235.45,5145757575.76,586841821796.89,712748124222.61,22552466245.33,,8448469837.54,45680532613.76,420333203150.43,4321655656.33,27294453245.38,48684187850.06,957783020853.03,39197543859.65,28915786996.55,190498811460.03,2803291406029.93,16843190993000,57531233350.91,73180036692.33,758304466.25,,213710932339.11,40415235701.99,28037239462.71,19091020000
2014,13228147516.12,213810024944.46,3271685596.66,137244418012.55,1249733333.33,526319673731.64,11609512939.75,2791061452.51,1467504819608.92,442584815286.03,75244294275.15,11176100000,33387712765.96,172885454931.45,4696344341.64,78813839984.35,535390200131.02,1676406801.54,13284528654.06,6413988000,1907090813.46,32996188017.37,15654660710.11,2456043766028.73,,17098342541.44,57082011260.34,13943016923.9,2705783272.07,1859898513.27,16702610842.4,36386546917.69,1805749878439.94,1894813504.53,13940768065.61,259405202008,10475682920597.7,381112119657.45,17912907682.07,52016408950.89,48843008580.33,58330289756.69,80656000000,23156850006.64,209358834156.33,35909040265.93,352993631617.71,2214679081.26,520207407.41,67179914026.96,101726331000,305595408895.27,22593470000,21765454404.42,26634083965.1,4422968339.68,55612228233.52,4856963229.84,274862826772.16,2855964488590.19,18203968001.89,1229460601.92,17627003454.72,3889093051023.52,54782847752.54,235458133124.61,911497407.41,57852399963.79,8778473614.55,1054915645.2,4127659492.02,15139264670.42,19756494434.7,291459356985.34,141078984816.68,17867662177.89,2039127446298.55,890814755233.23,460382791826.34,258969649063.72,7708834951.46,310944937638.44,2162009615996.54,13899228824.22,4896994405353.29,,36847643521.13,221415572819.5,68285768554.47,177862310.35,162631412508.78,7468096566.71,13279248478.82,31386896487.04,48095213746.47,2441053175.71,3225652000,57372445771.77,6657170923.38,48533659592.17,68804811897.64,12522957228.18,6047813437.32,338061963396.38,14364937127.7,11626281387.01,182142800,6592537781.82,12803445933.59,1315351183524.54,319271200,9510198961.57,7069616048.89,110081248587.37,17716091057.27,63264892768.37,12435416060.28,22731602969.97,892167986713.72,201313497220.92,11880434070.78,10862944203.56,546676374567.72,11362272837.88,498410050251.26,92699089726.92,244360888750.81,241669800,49921464400,23210682538.39,40377987208.69,200789362451.57,297483247101.04,542477096211.76,229901964221.88,206224598564.62,199959363430.07,2059241965490.83,8234762201.04,1755130814.81,770901436.44,756805950.23,1673973694.7,346528329.18,756350347320.38,19797254643.12,47062206677.65,1387577763.19,5015157815.73,314851156183.41,,49997186439.09,1335584911.8,381198869776.11,1484318219633.63,1371222712535.68,79356449840.58,76818327441.65,5240606060.61,581964017237.1,734396591036.93,22075987601.93,,9112544556.06,49964788814.09,407339454060.68,4574986536.91,27642525749.35,50271072627.67,938952628604.07,43524210526.32,32612397758.46,133503411375.74,3087165602962.86,17550680174000,57236013086.12,80845384375.12,772315721.27,,233449971628.52,43228585321.33,27141023558.08,19495519600
2015,11386850129.84,165979279263.17,2789881258.5,87219290028.73,1336692592.59,594749285413.21,10553337672.99,2963128491.62,1350534154255.76,381971148530.54,53074370486.04,11861900000,31050638297.87,195078678697.23,4724691212.51,56454734396.58,462335574841.48,1734320479.14,11388160958.25,6654541000,2003598212.99,33000198248.91,13578754072.47,1802211999538.68,,12930394937.81,50781996712.76,11832159275.6,3104003611.43,1596800287.16,18049954289.42,32210232911.66,1556508816217.14,1695825708.46,10950392219.91,242496649874.24,11061553079871.5,293481748240.78,11890259176.68,56441917652.98,45814637971.47,50163192883.15,87133000000,19842404304.89,188033050459.88,37917704900.08,302673070846.86,2424391785.44,540737037.04,71164825256.68,99290381000,329366576819.41,23438240000,13185496836.41,22890762090.15,4063245671.29,64589334978.8,4682546863.08,234534382384.77,2439188643162.5,14383107714.04,1378176868.32,14953950557.44,3357585719351.56,49406568432.67,195683527003.38,997007925.93,62186186575.74,8794202443.67,1048229629.42,4279840193.7,14833154471.75,20979767785.21,309383627028.56,125210324613.14,17517210519.09,2103587813812.75,860854235065.08,408212918053.94,291580037584.33,7085288006.11,300078278118.43,1836637711060.55,14188935947.57,4444930651964.18,,38587017887.32,184388432148.72,70120413328.78,170291001.98,114567298105.68,6678178340.45,14426381187.09,27263090547.06,49929337837.08,2359759799.04,3227075700,48717854039.97,6268391521.2,41435533340.39,60071584216.14,11323020828.58,6373212640.85,301354803994.37,13104764378.71,11091434483.52,183814300,6166863960,11692287066.38,1171867608197.72,316489900,7745241912.95,6261622101.41,101179808076.36,15950979333.16,63045305229.1,11335179562.02,24360795410.64,765572770634.38,178064471137.92,12756706583.31,9683867893.68,486803295097.89,10064515432.03,385801550067.17,78710793237.97,270556131701.17,280457700,54091713800,21723531173.24,36211372702.81,189805300841.6,306446140628.71,477811911394.08,199394066525.44,161739955577.75,177729210874.5,1363481063446.77,8539424910.08,1808079888.89,786554580.8,788307314.85,1419394763.12,316066072.34,654269739552.02,17774766636.05,39655958842.55,1415998663.05,4218723875.14,308004146057.61,,43107506024.33,1307082934.29,346709790458.56,1465773245547.15,1195599995808.59,80604080688.58,84985132167.22,5126291450.82,505103781349.76,702149580770.9,17622064891.81,,8271454300.6,47378599025.3,401296437425,4180866177.04,25191551350.42,45780128466.56,864316670330.88,35799714285.71,32387183844.67,91030959454.7,2956573778737.76,18206020741000,53274304222.14,86196265191.66,730870581.67,,239257234710.76,42444495590.11,21251216798.78,19963120600
2016,11861199830.84,160034163871.46,2896610479.73,49840494025.52,1436585185.19,557531376217.97,10546135160.03,2983798882.68,1206685107002.47,395837353031.5,37867518957.2,11834600000,32234973404.26,265236247989.16,4832811755.56,47722657820.67,476062757356.93,1796928936.72,11821066152.6,6899911000,2158972129,33941126193.92,15082578064.8,1795693265810.23,,11400854267.72,53953897624.43,12833363370.17,2639321196.47,1663008687.1,20016747754.02,33814337900.28,1527994741907.43,1825018190.85,10097778353.77,249298719723.11,11233276536744.7,282825009887.46,10219341017.14,58847016044.74,47964234560.05,52295158344.25,91370000000,20953442550.37,196272068576.34,37134799974.52,313115929314.34,2604955228.7,576229629.63,75704720189.56,99937696000,332441717791.41,24191430000,11240809132.41,24072829276.77,3816022046.83,74296618481.09,4930204229.72,240771351298.83,2472964344587.17,14023890620.34,1484579844.37,15141758566.78,3469853463945.53,56165172898.87,193148146586.93,1061640740.74,66053725049.01,8595955581.22,1179004941.23,4482697336.56,13987693738.92,21717622071.38,320858250776.19,128636108315.47,20793168030.95,2294797980509.01,931877364177.74,457954614142.54,298928152644.69,6846691871.46,319024417316.89,1877071687633.78,14077109396.86,5003677627544.24,,39892551126.76,137278320084.17,74815121314.94,178509814.06,109419728566.7,6813092065.84,15912495368.87,28083597512.48,51147308773.93,2114020380.42,3398419600,49910960874.57,6237264055.21,43047309305.74,62216885435.95,11848613735.19,5433040159.89,301255380276.26,14026048334.21,11668286794.86,201510900,6398747531.6,12232463655.57,1078490651625.31,332265200,8071469355.25,6472990923.18,103311649248.02,11936993086.96,60291736893.94,10721994676.66,24524098184.65,784060430240.08,188838342527.98,13286083644.88,10398862244.97,404650006428.61,10672471860.72,368827142857.14,75128738621.59,313629858859.59,298300000,57907695400,20759069103.1,36089550659.09,191895943823.89,318626761492.87,472630364208.18,206426152308.93,151732181857.11,188128818486.4,1276786979221.81,8690878327.95,1865513429.63,814302267.07,799493897.54,1468377241.53,345495614.98,644935682011.48,19040312815.13,40692643373.03,1490226453.96,3674794530.19,318832428519.73,,44766722790.58,1378543909.31,323585509674.48,1500111596236.37,1232912963206.23,82401038709.54,102943741648.82,3317438910.83,515654671469.55,695600652899.28,12453459334.72,,6992393787.41,49774021003.07,413366150655.59,6031632168.17,22373566809.82,44360614525.14,869692960365.55,36169428571.43,29203988814.9,93355993628.5,2722851958486.23,18695110842000,57236652490.17,86138288615.12,780889605.9,,257095955975.53,31317828583.59,20958412538.31,20548678100
2017,13019689336.69,170097014589.13,3000162081.12,68972763787.15,1467977777.78,643628665302.16,11527458565.73,3092178770.95,1326882872011.46,417261151844.98,40865558912.39,12357600000,35473776595.74,293754646182.39,4981588899.82,54726595249.18,502764720556.35,1844906692.54,12701654743.21,7142316000,2450364928.07,37508642170.77,16088437675.16,2063514688761.98,,12128104859.15,59199447421.49,14106956830.09,2712324087.28,1769787215.42,22177200511.58,36098550141.59,1649265644244.09,2072349974.15,10000395242.15,276364933679.63,12310409370894.2,311883730690.13,11094823676.59,60516043590.18,51588158717.53,56214427431.2,96851000000,22870833709.9,218628940951.68,38019265625.88,332121063806.39,2762581334.23,521551851.85,79997975621.87,104295862000,235733695652.17,24979190000,12200912828.37,26924385103.07,4402969225.92,81770791970.98,5353404422.08,255647979916.47,2595151045197.65,14929488770.73,1504909753.29,16242916915.72,3690849152517.65,60406382898.52,199844406013.53,1125685185.19,71654134378.53,10324668266.59,1350177127.55,4748174334.14,15035560372.64,23136232229.61,341273289534.47,143136245596.99,24728285177.46,2651472946374.91,1015618742565.81,486630146443.62,335430829594.03,6979581724.58,355277223507.49,1961796197354.36,14808989993.32,4930837369151.42,,41408960845.07,166805800595.7,82035800868.19,188192060.09,120707435542.37,7702934800.13,17071162084.41,30483806017.83,53027680685.84,2306185361.15,3390703400,67158415841.58,6474256118.61,47758736931.78,65712180342.98,13176313593.55,8943543677.19,319112136545.44,15365713059.11,13505056441.52,213204100,6800135961.61,13259351418.45,1158913035796.37,366666800,9669741744.22,6431314957.07,109682728023.11,13219079497.71,61449392056.15,12895153160.47,28971589213.22,833869641687.06,206623758800.16,13785909906.19,11185102399.58,375746469538.67,11307058382.34,398393955268.99,80856697009.1,339205615769.19,285300000,62202725200,22742613553.69,38997129473.56,211007207483.52,328480867142.69,526508877305.32,221357874718.93,161099122215.31,211695422578.66,1574199387070.9,9252834120.39,1996771440.74,847620214.76,832025556.08,1528630704.93,375614126.19,688586094412.68,20996564751.6,44179055279.89,1573428277.12,3719369107.35,343193352161.63,,48589100043.1,1483793468.06,381448814653.46,1623901496835.79,1312539279462.36,87428128123.72,129717804934.61,3591623596.03,541018749769.1,704478516963.86,16340665431.52,,7536439875.08,53320625958.56,456356961443.5,6395472574.41,23180107751.92,42164007605.19,858996263095.86,37926285714.29,30744473911.53,112090530368.54,2699016715111.39,19479620056000,64233966861.25,62081323299.03,880062103.05,,281353402175.24,26842231204.8,25873601260.84,17584890936.65
2018,15156432309.9,174910878623.05,3218419896.96,77792940077.12,1605944444.44,524819742918.67,12457941907.03,3202234636.87,1428529571351.06,455168151938.94,47112941176.47,12755800000,37802005319.15,321379023557.46,5097283213.14,60031262269.34,543347368038.35,1887465218.48,14262407011.48,7225977000,2446866404.93,40287647930.54,16914245098.04,1916933708381.89,,13567351175.03,66363422450.21,15890065019.76,2660123624.28,1966501117.61,24571753583.49,39973839064.61,1725329192783.02,2220978978.17,11239167048.49,295402652037.16,13894817549380.3,334198214706.21,13670038019.86,62420165099.72,58011466450.86,62247874948.82,100050000000,25522671232.88,248950103352.14,47568210068.49,356841216410.07,2913466732.13,554770370.37,85555378042.82,107562008000,249712999437.25,26020850000,13097011208.46,30489500904.86,4666784617.6,84269348327.35,5581371850.15,275715087494.9,2790956878746.66,16867325126.54,1670670668.59,17596922469.92,3977289455388.23,67299280679.56,212049447242.11,1166523555.56,73208583758.91,11857030336.53,1504630120.99,4787636237.24,16455034352.77,24067778953.84,361731070995.73,160586833778.46,26267063757.55,2702929718960.46,1042271531011.99,330991589888.99,385041711506.23,7491969312.88,373641241440.79,2091932426266.98,15730793852.79,5037835383110.97,,42932112676.06,179339994859.38,92202956320.53,196230573.82,138182400493.59,8271108638.4,18141651381.39,34429023435.02,54901519155.62,2514146887.92,3422754800,76684175824.18,6692504346.05,53750911865.69,71285019397.41,13614412550.88,9880676218.83,358791513221.48,17070867577.67,15301279478.21,221588900,7352533585.59,14181951058.51,1222408203104.3,401932300,11457443185.05,7194024563.06,118096227400.09,14845400592.67,67144725830.58,13682062249.22,33111525871.95,914043438179.61,211953111035.51,13025239912.28,12808660528.06,397190484464.31,12683070061.47,436999692591.45,91505851755.53,356128224957.09,284700000,64929409200,24109509852.74,40225448340.63,222597212925.21,346842094175.24,587411745161.56,242313116577.97,183334953813.21,241457403085.04,1657329646183.62,9642440645.81,2065127262.96,884328180.53,821286938.9,1655300897.5,412253809.73,816578674529.14,23116897847.05,50640650221.46,1636310049.4,4085114794.22,376998146500.59,,54163591695.32,1574622018.23,404842116738.07,1724845615629.26,1420994142512.16,87963042340.77,32333780383.29,3996247906.2,555455371487.09,735539301552.67,21445775363.86,,7765014424.34,57003713610.76,506754616189.32,7112200725,23820742956.97,42685972269.45,778471901665.15,40765428571.43,32927025573.43,130891049796.88,2900791442554.06,20527156026000,64515038268.14,52633143808.18,914736985.43,,308702086757.62,21606161066.21,26311590296.7,18115543790.79
2019,15401830754.08,171767403748.19,3155149347.81,69309104806.63,1687533333.33,452818426182.66,13619291361.28,3310055865.92,1391952510370.48,445011872704.47,48174235294.12,13192800000,38653318085.11,351238438542.79,5304164323.25,64409647193.8,535376258146.67,1945250235.58,14391686632.78,7423465000,2535657069.06,40895322850.94,16695925027.19,1873288158977.23,,13469422958.51,68915416141.96,16178162030.07,2581268125.79,1981845740.71,27089389786.98,39670977332.73,1742015045482.31,2221301400.72,11314951342.78,278584733103.01,14279937500608,323109543324.32,12750338736.17,64417670082.61,58539424929.72,62246206340.55,103428000000,25758357774.54,252498032247.16,51775830725.83,347561349210.98,3088853638.57,611537037.04,88941299733.5,108108009000,303080865603.65,26896660000,11364134108.62,31045591753.49,4466066557.38,95912590628.14,5496264765.78,268508200125.49,2728870246705.88,16874405839.79,1813608279.65,17470436258.51,3888326788627.44,68337537815.77,205144152830.85,1213485185.19,77020015201.32,13442861443.75,1439638443.38,5173760191.85,14785839382.9,25089976946.77,363052489184.4,163526491433.29,24857740445.04,2831552222519.99,1119099868265.25,291362916336.42,399122063504.15,7315388052.08,397934596952.56,2011285742552.15,15830768549.89,5123318151510.62,,44502895915.49,181667190075.54,100379713697.42,177935349.32,136196760180.98,8871026074.2,18740559554.16,34308783825.3,51605959131.34,2451257578.69,3319596500,69252306372.02,6427248943.45,54697379017.33,70195715495.51,14191911512.05,11025370768.81,365276379480.99,17280250805.22,15719500920.54,239462200,7889655284.47,14045808843.22,1269404276770.7,412479413.36,11971345002.78,7383745662.15,119870439113.66,15390031040,68697759361.23,12543203410.69,34186190995.96,910194347568.63,213434571357.98,12596636042.23,12916455161.11,448120428858.77,12606338448.55,404941363636.36,88060858257.48,320909489229.72,274200000,66984427200,24751344560.89,37925338329.16,228323495040.9,376823278561.2,597280564671.56,239986922638.9,175837550996.19,249881592298.07,1693113904262.89,10356327149.43,2118791548.15,910149698.91,852007104.66,1616231696.05,427425039.68,803616264791.02,23398811423.58,51514222381.84,1684228528.67,4076578542.56,375472731271.08,,54178877606,1570093229.26,387934574098.17,1651422932447.77,1393046093137.25,83902574442.8,32338079165.29,3984483762.37,533879529188.45,731767398052.88,,,8300784856.88,61136873692.4,544081056184.7,7220395247.74,23886216403.35,41772900763.36,761004425605.41,45231428571.43,35353060634.2,153882982016.28,2878673912414.44,21372572437000,61231149880.59,59907674027.47,936526267.62,,330391329475.73,21887614217.17,23308667781.23,19284289739.05
2020,15131866270.59,145009181490.62,2891001149.36,53619071176.14,1370281481.48,389591035520.68,12641209802.11,2496648044.69,1327836171068.51,433258467676.52,42693000000,9699500000,34723357446.81,373902134700.41,4689534961.76,61489588894.82,521676942134.63,1585631670.35,15651545331.54,6881662000,2315436303.3,36629843806.08,14930072799.01,1448565936739.56,,12005825769.51,69889347433.43,17933606353.18,2780510624.64,1703698676.7,25872798012.19,40804449726.02,1645423407568.36,2326720920.59,10715396135.42,252727193710.02,14687673892882,270299982887.01,10483151093.69,62158002233.03,61348579465.1,57203783203.03,107352000000,24692095945.17,245339322066.76,48716960860.07,356084867685.64,3181071153.66,504214814.81,78844702329.08,99291124000,365252651278.85,24638720000,10099157269.8,30650285471.72,3984840580.41,107657734392.45,4574413823.31,271836962949.42,2630317731455.26,15316824039.33,1830412999.96,15842922532.72,3846413928653.71,70043199813.69,188835201625.91,1043411111.11,77604632620.65,14169626010.12,1431758242.9,5471256594.72,14508218017.4,23827840809.7,344881400505.34,156743134665.96,21718075725.21,2667687951796.56,1058688935454.78,231547571240.47,425888950992,,407100736594.06,1892574064222.11,13812425036.59,5040107754084.11,,43697659295.77,171082379532.99,100666542665.72,180911843.64,105960225688.15,7780874536.66,18981800705.08,33645460617.24,25948915861.2,2250717718.47,3039982540,52320215472.09,,56546957475.49,73353132793.71,13225591803.62,12172128469.57,337006023789.7,17465392779.04,14917038504.29,244462400,7915985513.7,10926820603.4,1087117783073.31,407515927.98,11859730543.55,6816219303.26,114725065285.15,14028811071.76,78930257227.09,10562637375.59,33433670511.94,913865395789.89,211734532308.01,12586941392.63,13741378450.14,432293776262.4,12116981815.23,362198318435.26,73971391417.43,300306331697.67,257700000,53977037000,24667052023.12,35432178068.18,201705055938.65,361751116292.54,596624355719.67,228539245045.34,144411363345.27,249511333647.5,1488321875489.74,10184345442.17,1616772748.15,872134546.8,807147527.62,1544713784.68,472914469.92,703367841222.56,24493157583.23,53335016425.41,1200634489.35,4063289449.59,345295933898.67,,53589609580.71,1545888426.23,335442101366.42,1637895802792.9,1281484640043.58,80969683537.45,26987563444.15,2884248048.49,541487151474.56,752248045730.11,,,8133996647.9,62409709110.95,499681757030.97,7574636978.66,21392536137.77,42514151614.28,719954821683.31,,37600368180.94,156617861448.58,2756900214107.32,20893743833000,53560755046.57,59894305352.9,896827873.11,,343242570827.35,18840511908.25,18110631358.31,18051170798.94
2021,18260043499.81,167983141738.31,3329910723.76,72546985708.57,1471125925.93,491492700657.01,13861183873.59,,1542659899992.54,477082467454.3,54622176470.59,11208600000,38868663031.91,416264942893.33,4900800000,68218816484.12,599879025377.51,1789923264.03,17785640079.12,7080900000,,40408208523.88,17613846472.99,1608981220812.2,,14006569575.68,80271119426.11,19737615114.37,2902029385.83,1936174043.45,26961061119.8,45238613479.83,1990761609665.23,2516498299.01,11779980801.78,317058508651.76,17734062645371.4,314322453228.3,12523961677.3,64282438666.74,69764827467.44,67837788543.59,,27719337670.02,282340849856.61,53958573693.05,397104343478.3,3371102123.51,545618518.52,94243453937.45,106165866000,404142766093.05,28736940000,12269392788.74,36262924353.6,4941373182.08,111271112329.98,4592118709.55,299155237589.14,2937472757953.44,18269350433.8,2078070683.55,18700241392.16,4223116205968.92,77594279054.88,216240589485.26,1122083185.19,85986321551.24,15850520383.99,1638517533.17,7409179920.86,20944392615.08,28488668301.64,368139247671.49,182280517581.21,25458933915.87,3173397590816.91,1186092991320.04,,498559576714.72,,481591266133.41,2099880198258.88,13638230995.68,4937421880461.55,,45243661971.83,190814274226.21,110347079517.36,,,8543423502.61,18827148530.02,38872546228.57,18076624840.18,2518468891.04,3486741370,41879579677.17,,65503849704.6,86710803337.1,14637400395.69,12626718073.74,372701358820.26,19143741503.15,17189730469.56,248665600,8227580740.5,11156657769.7,1293037866360.17,404178049.75,13679221333.21,,132725261467.43,16095828896.63,65067808984.68,12236250784.13,36288830373.41,1018007056949.6,249991512236.53,14013022092.06,14950949875.27,440776971536.02,13879269151.57,482437019790.45,85868626527.96,346343170486.07,,63605065800,26594277245.78,38986810989,223249497500.39,394086419343.06,674048266397.37,249886464354.75,179570783550.55,284087563695.8,1775799919352.98,11070356519.48,1764901133.33,889775243.38,788389971.6,,547092915.04,833541236569.32,27625388352.17,63068134601.13,1320053793.04,4200380124.33,396986899888.35,,61526331889.5,1645213881.62,419946428126.01,1798533915091.14,1425276586282.92,84518830392.62,34326058557.44,2862131979.7,627437898887.29,812866928867.47,,,8746270636.4,67775101794.35,505981655622.31,8413200567.62,21391802311.01,46840042941.49,815271751724.42,,40434701516.95,200085537744.35,3186859739185.02,22996100000000,59319547636.09,69238903106.17,983469256.85,,362637524070.97,21061691629.54,21203059080.35,26217726717.34
