Country Name,Indicator Name,2000,2001,2002,2003,2004,2005,2006,2007,2008,2009,2010,2011,2012,2013,2014,2015,2016,2017,2018,2019,2020,2021
Albania,GDP (current US$),3480355258.04,3922100793.54,4348068242.2,5611496257.14,7184685781.52,8052073539.38,8896072918.98,10677324144.43,12881353507.85,12044208085.86,11926922828.99,12890764531.33,12319830437.35,12776220507.02,13228147516.12,11386850129.84,11861199830.84,13019689336.69,15156432309.9,15401830754.08,15131866270.59,18260043499.81
Algeria,GDP (current US$),54790392746.19,54744712814.87,56760355865.01,67863828412.69,85332581188.61,103198223709.44,117027307540.89,134977082623.78,171000699876.75,137211035770.03,161207270185.25,200013052199.2,209058991952.13,209755003250.66,213810024944.46,165979279263.17,160034163871.46,170097014589.13,174910878623.05,171767403748.19,145009181490.62,167983141738.31
Andorra,GDP (current US$),1429049198.45,1546926174.5,1755910032,2361726862.3,2894921778,3159905484.39,3456442102.62,3952600602.24,4085630584.44,3674409558.21,3449925738.86,3629133574.28,3188652765.36,3193512950.02,3271685596.66,2789881258.5,2896610479.73,3000162081.12,3218419896.96,3155149347.81,2891001149.36,3329910723.76
Angola,GDP (current US$),9129594818.61,8936063723.2,15285594828.42,17812704825.2,23552047248.43,36970918699.25,52381006892.04,65266452081.39,88538610805.32,70307166934.33,81699556136.66,109436531427.07,124998158417.86,133401594460.92,137244418012.55,87219290028.73,49840494025.52,68972763787.15,77792940077.12,69309104806.63,53619071176.14,72546985708.57
Antigua and Barbuda,GDP (current US$),826370370.37,800481481.48,814381481.48,856396296.3,919729629.63,1022962962.96,1157662962.96,1312759259.26,1370070370.37,1228329629.63,1148700000,1137637037.04,1199948148.15,1181448148.15,1249733333.33,1336692592.59,1436585185.19,1467977777.78,1605944444.44,1687533333.33,1370281481.48,1471125925.93
Argentina,GDP (current US$),284203750000,268696750000,97724004251.86,127586973492.18,164657930452.79,198737095012.28,232557260817.31,287530508430.57,361558037110.42,332976484577.62,423627422092.49,530163281574.66,545982375701.13,552025140252.25,526319673731.64,594749285413.21,557531376217.97,643628665302.16,524819742918.67,452818426182.66,389591035520.68,491492700657.01
Armenia,GDP (current US$),1911563668.85,2118467913.38,2376335048.4,2807061008.69,3576615240.42,4900469950.09,6384451606.14,9206301700.4,11662040713.88,8647936747.99,9260284937.8,10142111334.5,10619320048.59,11121465767.41,11609512939.75,10553337672.99,10546135160.03,11527458565.73,12457941907.03,13619291361.28,12641209802.11,13861183873.59
Aruba,GDP (current US$),1873184357.54,1896648044.69,1962011173.18,2044134078.21,2254748603.35,2359776536.31,2469832402.23,2677653631.28,2843016759.78,2553631284.92,2453631284.92,2637988826.82,2615083798.88,2727932960.89,2791061452.51,2963128491.62,2983798882.68,3092178770.95,3202234636.87,3310055865.92,2496648044.69,
Australia,GDP (current US$),415576210513.09,379083932596.33,395342716617.83,467390797903.32,614166310997.3,695075176665.16,747556154537.29,853955405511.5,1055127126230.98,928042998085.7,1147589183475.73,1397907916789.9,1546508558465.66,1576335282651.07,1467504819608.92,1350534154255.76,1206685107002.47,1326882872011.46,1428529571351.06,1391952510370.48,1327836171068.51,1542659899992.54
Austria,GDP (current US$),197289625479.91,197508773215.32,214394866675.24,262273631180.05,301457562038.54,316092273276.02,336280064332.41,389185571506.05,432051935642.95,401758735822.21,392275107258.67,431685217367.51,409401816050.53,430190979705.96,442584815286.03,381971148530.54,395837353031.5,417261151844.98,455168151938.94,445011872704.47,433258467676.52,477082467454.3
Azerbaijan,GDP (current US$),5272798390.7,5707720390.85,6235856819.58,7276753894.72,8680370408.06,13245716099.01,20982986344.3,33050343782.78,48852482960.08,44291490420.5,52909294791.93,65951627200.2,69683935845.21,74164435946.46,75244294275.15,53074370486.04,37867518957.2,40865558912.39,47112941176.47,48174235294.12,42693000000,54622176470.59
Bahamas,GDP (current US$),8076470000,8317830000,8881160000,8870090000,9055290000,9836200000,10167250000,10618340000,10526000000,9981960000,10095760000,10070450000,10720500000,10562800000,11176100000,11861900000,11834600000,12357600000,12755800000,13192800000,9699500000,11208600000
Bahrain,GDP (current US$),9062898936.17,8976196808.51,9593510638.3,11074813829.79,13150159574.47,15968723404.26,18504760638.3,21730000000,25710904255.32,22938218085.11,25713271276.6,28776595744.68,30749308510.64,32539468085.11,33387712765.96,31050638297.87,32234973404.26,35473776595.74,37802005319.15,38653318085.11,34723357446.81,38868663031.91
Bangladesh,GDP (current US$),53369787318.62,53991289844.33,54724081490.51,60158929188.26,65108544250.04,69442943089.43,71819083683.74,79611888213.15,91631278239.32,102477791472.39,115279077465.23,128637938711.39,133355749482.48,149990451022.29,172885454931.45,195078678697.23,265236247989.16,293754646182.39,321379023557.46,351238438542.79,373902134700.41,416264942893.33
Barbados,GDP (current US$),3059500000,3054500000,3106500000,3209500000,3444500000,3819500000,4217450802.55,4674007452.49,4784925079.03,4465657314.64,4529928302.17,4657699461.46,4610095997.77,4677248301.9,4696344341.64,4724691212.51,4832811755.56,4981588899.82,5097283213.14,5304164323.25,4689534961.76,4900800000
Belarus,GDP (current US$),12736856827.98,12354820143.88,14594249022.89,17827791321.31,23144351851.85,30207567316.62,36954312354.31,45277399813.61,60763483146.07,50874078052.27,57222490768.71,61757788944.72,65685102554.88,75527984234.23,78813839984.35,56454734396.58,47722657820.67,54726595249.18,60031262269.34,64409647193.8,61489588894.82,68218816484.12
Belgium,GDP (current US$),236792460312.47,236746141604.37,258383599375.18,318082528506.59,369214712443.21,385714762230.04,408259840868.82,470922156309.45,517328087920.08,483254171097.81,481420882905,523330354138.13,496152879924.73,521791015247.06,535390200131.02,462335574841.48,476062757356.93,502764720556.35,543347368038.35,535376258146.67,521676942134.63,599879025377.51
Belize,GDP (current US$),832072450,871590369.33,932292858.89,990727709.55,1057653620.03,1111453823.62,1211148304.51,1283112550,1352588867.73,1320605471.63,1387925188.49,1466822039.41,1531348953.18,1581844936.42,1676406801.54,1734320479.14,1796928936.72,1844906692.54,1887465218.48,1945250235.58,1585631670.35,1789923264.03
Benin,GDP (current US$),3519991326.48,3666222600.1,4194342849.47,5349258334.32,6190270756.14,6567654493.51,7034111651.5,8169048690.05,9787735426.01,9738626993.28,9535344283.47,10693321953.64,11141358945.13,12517845732.21,13284528654.06,11388160958.25,11821066152.6,12701654743.21,14262407011.48,14391686632.78,15651545331.54,17785640079.12
Bermuda,GDP (current US$),3480219000,3680483000,3937228000,4186525000,4484703000,4868136000,6144000000,6767000000,6980000000,6656000000,6634526000,6312691000,6378188000,6465756000,6413988000,6654541000,6899911000,7142316000,7225977000,7423465000,6881662000,7080900000
Bhutan,GDP (current US$),424464089.9,461444513.67,520849551.53,604041957.92,682523857.02,796938120.18,874989895.6,1168308516.63,1227808790.67,1234014291.82,1547991317.81,1777101316.68,1781281281.58,1756215665.09,1907090813.46,2003598212.99,2158972129,2450364928.07,2446866404.93,2535657069.06,2315436303.3,
Bolivia,GDP (current US$),8397912525.27,8141537877.07,7905485146.44,8082364816.17,8773451751.51,9549077918.7,11451869202.16,13120183207.66,16674324661.87,17339992193.73,19649631308.16,23963033429.44,27084497481.91,30659338885.67,32996188017.37,33000198248.91,33941126193.92,37508642170.77,40287647930.54,40895322850.94,36629843806.08,40408208523.88
Botswana,GDP (current US$),5788329609.16,5489608299.66,5438857106.74,7511582173.38,8957467706.54,9918907108.1,10137883299.32,10939053365.48,10945070441.93,10267133177.73,12786654498.35,15351972361.15,14380004175.12,14901750991.2,15654660710.11,13578754072.47,15082578064.8,16088437675.16,16914245098.04,16695925027.19,14930072799.01,17613846472.99
Brazil,GDP (current US$),655448188259.35,559983704094.17,509795270685.19,558233724164.71,669289321944.52,891633826603.38,1107626711406.63,1397114247331.17,1695855391810.9,1666996294372.87,2208838108577.09,2616156606666.62,2465228293894.01,2472819362216.69,2456043766028.73,1802211999538.68,1795693265810.23,2063514688761.98,1916933708381.89,1873288158977.23,1448565936739.56,1608981220812.2
British Virgin Islands,GDP (current US$),,,,,,,,,,,,,,,,,,,,,,
Brunei Darussalam,GDP (current US$),6001153306.26,5601090584.36,5843329107.56,6557333084.61,7872333215,9531402847.87,11470703002.08,12247694247.23,14393099068.59,10732366286.26,13707370737.07,18525319977.74,19047940300.9,18093829923.27,17098342541.44,12930394937.81,11400854267.72,12128104859.15,13567351175.03,13469422958.51,12005825769.51,14006569575.68
Bulgaria,GDP (current US$),13245833843.55,14183497963.11,16402846413.1,21144983551.68,26157894736.84,29869283400.04,34379808888.6,44405101469.56,54438966419.86,52023504656.29,50682061053.2,57678241023.82,54300857424.44,55810138436.48,57082011260.34,50781996712.76,53953897624.43,59199447421.49,66363422450.21,68915416141.96,69889347433.43,80271119426.11
Burkina Faso,GDP (current US$),2968369991.47,3190371050.46,3622350203.95,4740768355.23,5451688868.43,6146352742.03,6547420133.7,7625723123.55,9451436358.97,9450697335.54,10109618964.28,12080296644.06,12561016091.47,13444301139.14,13943016923.9,11832159275.6,12833363370.17,14106956830.09,15890065019.76,16178162030.07,17933606353.18,19737615114.37
Burundi,GDP (current US$),870486065.88,876794723.07,825394490.16,784654423.62,915257323.4,1117113045.65,1273375020.27,1356199364.86,1611835901.91,1781455092.07,2032135246.5,2235820867.83,2333341374.9,2451606684.32,2705783272.07,3104003611.43,2639321196.47,2712324087.28,2660123624.28,2581268125.79,2780510624.64,2902029385.83
Cabo Verde,GDP (current US$),539227277.63,563024383.3,620974660.23,813963830.18,924318490.76,971977088.16,1107891063.44,1513933983.22,1789333748.68,1711817181.53,1664310769.55,1865915544.12,1741809808.96,1850470042.43,1859898513.27,1596800287.16,1663008687.1,1769787215.42,1966501117.61,1981845740.71,1703698676.7,1936174043.45
Cambodia,GDP (current US$),3654031716.27,3984000517.02,4284028482.54,4658246918.27,5337833248.04,6293046161.83,7274595706.67,8639235842.18,10351914093.17,10401851850.61,11242275198.98,12829541141.01,14054443213.46,15227991395.22,16702610842.4,18049954289.42,20016747754.02,22177200511.58,24571753583.49,27089389786.98,25872798012.19,26961061119.8
Cameroon,GDP (current US$),10566578952.79,10953485244.42,12417251815.88,15970315751.03,18826215278.06,19509850837.27,20910513974.62,23928251333.74,27715144580.27,27932971683.42,27507499709.07,30630912184.78,30155064574.07,33728622819.09,36386546917.69,32210232911.66,33814337900.28,36098550141.59,39973839064.61,39670977332.73,40804449726.02,45238613479.83
Canada,GDP (current US$),744773415931.59,738981792355.37,760649334098.01,895540646634.79,1026690238278.25,1173108598778.68,1319264809590.97,1468820407783.26,1552989690721.65,1374625142157.29,1617343367486.26,1793326630174.52,1828366481521.6,1846597421834.98,1805749878439.94,1556508816217.14,1527994741907.43,1649265644244.09,1725329192783.02,1742015045482.31,1645423407568.36,1990761609665.23
Central African Republic,GDP (current US$),916777282.65,932648604.42,996068145.61,1142315522.2,1272360516.62,1337894379.63,1461859762.63,1699811293.26,1993407886.56,2067381663.75,2142591375.85,2437982839.63,2510126699.05,1691544192.38,1894813504.53,1695825708.46,1825018190.85,2072349974.15,2220978978.17,2221301400.72,2326720920.59,2516498299.01
Chad,GDP (current US$),1388506726.62,1710843360.65,1997005786.54,2742815194.55,4422855929.21,6649307057.03,7428701809.41,8650138068.63,10393834720.85,9290728773.36,10668102734.81,12172309522.62,12367363677.62,12953535495.88,13940768065.61,10950392219.91,10097778353.77,10000395242.15,11239167048.49,11314951342.78,10715396135.42,11779980801.78
Chile,GDP (current US$),78249883995.63,71517080040.63,70294892400.06,76507577234.6,99079230169.64,122314960843.92,153840051814.06,172565850839.16,179663403196.99,171412642047.33,217105420016.53,251224856981.29,267175872540.07,277239461340.4,259405202008,242496649874.24,249298719723.11,276364933679.63,295402652037.16,278584733103.01,252727193710.02,317058508651.76
China,GDP (current US$),1211346869600.41,1339395718862.89,1470550015077.93,1660287965663.89,1955347004965.69,2285965892364.2,2752131773358.92,3550342737009.53,4594307032667.98,5101703073088.97,6087163874510.73,7551500124197.17,8532229986993.65,9570406235659.64,10475682920597.7,11061553079871.5,11233276536744.7,12310409370894.2,13894817549380.3,14279937500608,14687673892882,17734062645371.4
Colombia,GDP (current US$),99886577330.73,98211749595.54,97963003804.79,94641378693.22,117081522349.68,145619191582.06,161618581266.32,206181826825.28,242186950900.78,232397835678.34,286563105192.46,334943871931.75,370921320483.84,382116126448.55,381112119657.45,293481748240.78,282825009887.46,311883730690.13,334198214706.21,323109543324.32,270299982887.01,314322453228.3
Congo,GDP (current US$),3227927697.44,2796704603.04,3034250926.18,3503723086.7,4656974937.55,6650001684.9,8072305030.68,8782703427.96,11649857662.14,9723299908.19,13148396205.67,15655383585.99,17692911280.56,17958720704.46,17912907682.07,11890259176.68,10219341017.14,11094823676.59,13670038019.86,12750338736.17,10483151093.69,12523961677.3
Costa Rica,GDP (current US$),15013629658.65,15976174336.97,16578820687.29,17271760506.95,18610594846.21,20040642476.98,22715540324.3,26884700345.03,30801744881,30745712006.53,37658614803.28,42762617081.65,47231651862.84,50949672205.92,52016408950.89,56441917652.98,58847016044.74,60516043590.18,62420165099.72,64417670082.61,62158002233.03,64282438666.74
CÃ´te d'Ivoire,GDP (current US$),16577533355.44,16810536883.72,18054384023.11,21251755293.95,23510577108.23,24036917016.59,25281414472.99,28760092034.47,34078243426.01,33886814907.03,34936305296.97,36693712824.82,36302305578.25,42760237561.44,48843008580.33,45814637971.47,47964234560.05,51588158717.53,58011466450.86,58539424929.72,61348579465.1,69764827467.44
Croatia,GDP (current US$),21839780971.03,23273640257.2,27074550257.81,34985749883.42,41958833541.1,45780237257.19,50860788253.22,60542673502.53,70750646248.06,63084004705.08,60426018629.3,63169910822.13,57192346923.34,58889082315.34,58330289756.69,50163192883.15,52295158344.25,56214427431.2,62247874948.82,62246206340.55,57203783203.03,67837788543.59
Cuba,GDP (current US$),30565400000,31682400000,33590500000,35901200000,38203000000,42643836100,48835925925.93,54262870370.37,56302129629.63,57481481481.48,59562962962.96,68990000000,73141000000,77148000000,80656000000,87133000000,91370000000,96851000000,100050000000,103428000000,107352000000,
Cyprus,GDP (current US$),9985844486.33,10397897085.61,11420227884.62,14547325028.31,17320552500,18433411267.26,20072786350.52,23968764029.56,27844698989.31,25945391775.49,25732432719.08,27565469098,24978513426.7,23900872625.85,23156850006.64,19842404304.89,20953442550.37,22870833709.9,25522671232.88,25758357774.54,24692095945.17,27719337670.02
Czechia,GDP (current US$),61828166496.09,67808032979.54,82196001050.75,100090467581.27,119814434353.58,137143471328.27,156264095664.64,190183800884.02,236816485762.99,207434296805.33,209069940963.18,229562733398.95,208857719320.65,211685616592.93,209358834156.33,188033050459.88,196272068576.34,218628940951.68,248950103352.14,252498032247.16,245339322066.76,282340849856.61
Democratic Republic of the Congo,GDP (current US$),19088046305.8,7438189100.33,8728038525.14,8937567059.88,10297483481.22,11964484667.91,14451902467.93,16737071816.38,19788515873.89,18648373312.42,21565720044.46,25839749198.82,29306235826.39,32679745297.65,35909040265.93,37917704900.08,37134799974.52,38019265625.88,47568210068.49,51775830725.83,48716960860.07,53958573693.05
Denmark,GDP (current US$),164158739097.62,164791442543.38,178635163717.43,218096033517.01,251373002954.38,264467336457.17,282884947702.97,319423424509.07,353361038818.38,321241303699.01,321995279401.5,344003137611.27,327148943812.14,343584391647.93,352993631617.71,302673070846.86,313115929314.34,332121063806.39,356841216410.07,347561349210.98,356084867685.64,397104343478.3
Djibouti,GDP (current US$),551230861.86,572417440.82,591122039.6,622044665.52,666072101.78,708633194.73,768873684.03,847918929.11,999105339.27,1049110684.72,1128611700.36,1239144501.78,1353632941.52,2042817162.86,2214679081.26,2424391785.44,2604955228.7,2762581334.23,2913466732.13,3088853638.57,3181071153.66,3371102123.51
Dominica,GDP (current US$),333470370.37,340203703.7,333196296.3,343311111.11,367200000,364255555.56,390251851.85,421374074.07,458188888.89,489074074.07,493825925.93,501025925.93,485996296.3,498296296.3,520207407.41,540737037.04,576229629.63,521551851.85,554770370.37,611537037.04,504214814.81,545618518.52
Dominican Republic,GDP (current US$),24305717541.64,25601765400.52,27137508656.85,21403167848.14,22322395368.03,35777570135.52,37879869897.9,43965420072.41,48122547177.19,48261033298.21,53860175556,58029750745.65,60681537195.8,62682163837.35,67179914026.96,71164825256.68,75704720189.56,79997975621.87,85555378042.82,88941299733.5,78844702329.08,94243453937.45
Ecuador,GDP (current US$),18327764882.44,24468324000,28548945000,32432858000,36591661000,41507085000,46802044000,51007777000,61762635000,62519686000,69555367000,79276664000,87924544000,95129659000,101726331000,99290381000,99937696000,104295862000,107562008000,108108009000,99291124000,106165866000
Egypt,GDP (current US$),99838543960.08,96684636118.6,85146067415.73,80288461538.46,78782467532.47,89600665557.4,107426086956.52,130437828371.28,162818181818.18,189147005444.65,218983666061.71,235989672977.63,279116666666.67,288434108527.13,305595408895.27,329366576819.41,332441717791.41,235733695652.17,249712999437.25,303080865603.65,365252651278.85,404142766093.05
El Salvador,GDP (current US$),11784927700,12282533600,12664190300,13243892200,13724810900,14698000000,15999890000,17011750000,17986890000,17601620000,18447920000,20283780000,21386150000,21990960000,22593470000,23438240000,24191430000,24979190000,26020850000,26896660000,24638720000,28736940000
Equatorial Guinea,GDP (current US$),1045998496.44,1461139022.03,1806742742.27,2484745935.09,4410764338.67,8217369092.65,10086528698.86,13071718758.74,19749893536.32,15027795173.22,16314442183.35,21357344847.5,22388345810.25,21948835350.34,21765454404.42,13185496836.41,11240809132.41,12200912828.37,13097011208.46,11364134108.62,10099157269.8,12269392788.74
Estonia,GDP (current US$),5686579747.54,6254649538.98,7367975887.73,9874013098.46,12145911801.24,14106790200.22,17022870405.22,22449129482.62,24341678628.97,19633031397.61,19523477325.62,23213994093.46,23019150071.19,25115753366.11,26634083965.1,22890762090.15,24072829276.77,26924385103.07,30489500904.86,31045591753.49,30650285471.72,36262924353.6
Eswatini,GDP (current US$),1738100853.05,1542477308.89,1432228125.27,2197612701.1,2770082791.5,3178126491.91,3291353835.93,3469363996.37,3294093485.21,3580417066.92,4438778424.3,4820499924.25,4886533032.89,4597532029.7,4422968339.68,4063245671.29,3816022046.83,4402969225.92,4666784617.6,4466066557.38,3984840580.41,4941373182.08
Ethiopia,GDP (current US$),8242392103.68,8231326016.47,7850809498.17,8623691300.04,10131187261.44,12401139453.97,15280861834.6,19707616772.8,27066912635.22,32437389116.04,29933790334.34,31952763089.33,43310721414.08,47648211133.22,55612228233.52,64589334978.8,74296618481.09,81770791970.98,84269348327.35,95912590628.14,107657734392.45,111271112329.98
Fiji,GDP (current US$),1678239218.27,1652464201,1833279985.37,2300453634.35,2708078476.63,2980484920.17,3076305452.87,3378314599.76,3523185919.56,2870624635.68,3140508835.95,3774530615.66,3972012570.53,4190143206.26,4856963229.84,4682546863.08,4930204229.72,5353404422.08,5581371850.15,5496264765.78,4574413823.31,4592118709.55
Finland,GDP (current US$),126019543413.33,129533107311.81,140404460203.14,171652458349.41,197479443979.15,204885494686.38,217089269791.76,256378067752.16,285716311136.72,253497520828.52,249424310816.67,275604356167.32,258290060227.73,271362405890.59,274862826772.16,234534382384.77,240771351298.83,255647979916.47,275715087494.9,268508200125.49,271836962949.42,299155237589.14
France,GDP (current US$),1365639660792.16,1377657339291.34,1501409382971.38,1844544792036.86,2119633181634.37,2196945232435.8,2320536221304.7,2660591246211.77,2930303780828.12,2700887366932.03,2645187882116.67,2865157541994.17,2683671716967.19,2811876903329.03,2855964488590.19,2439188643162.5,2472964344587.17,2595151045197.65,2790956878746.66,2728870246705.88,2630317731455.26,2937472757953.44
Gabon,GDP (current US$),5080483464,5023265365.25,5335451307.54,6511903657.44,7770219479.73,9582783318.39,10327598800.67,12455410055.75,15571349775.78,12113699660.68,14372591916.48,18210308748.29,17170465294.03,17595745653.37,18203968001.89,14383107714.04,14023890620.34,14929488770.73,16867325126.54,16874405839.79,15316824039.33,18269350433.8
Gambia,GDP (current US$),782915402.42,687408804.63,578236035.1,487038821.61,961900106.89,1027702254.39,1054113426.71,1279704744.83,1561763437.03,1450140385.97,1543292392.55,1409694553.91,1415006238.1,1375608956.1,1229460601.92,1378176868.32,1484579844.37,1504909753.29,1670670668.59,1813608279.65,1830412999.96,2078070683.55
Georgia,GDP (current US$),3057475335.19,3219488663.77,3395728013.85,3991284895.37,5125365191.99,6410823633.25,7745394293.42,10172882370.55,12795076469.01,10766836276.56,12243505582.67,15107441446.78,16488403076.36,17189551520.98,17627003454.72,14953950557.44,15141758566.78,16242916915.72,17596922469.92,17470436258.51,15842922532.72,18700241392.16
Germany,GDP (current US$),1947981991011.77,1945790973803.15,2078484517474.51,2501640388482.35,2814353869359.08,2846864211175.1,2994703642023.53,3425578382921.58,3745264093617.19,3411261212652.34,3399667820000.01,3749314991050.59,3527143188785.16,3733804649549.03,3889093051023.52,3357585719351.56,3469853463945.53,3690849152517.65,3977289455388.23,3888326788627.44,3846413928653.71,4223116205968.92
Ghana,GDP (current US$),4983024408.15,5314909953.93,6166330136.29,7632406552.84,8881368538.08,10744675209.9,20440893017.16,24827844949.6,28678701891.1,26048108185.05,32197272797.2,39337314809.94,41270954737.25,62823043706.47,54782847752.54,49406568432.67,56165172898.87,60406382898.52,67299280679.56,68337537815.77,70043199813.69,77594279054.88
Greece,GDP (current US$),130457756628.44,136309295225.34,154564203586.95,202370140236.27,240963562236.13,247875422204.41,273546728473.07,318902829550.73,355908689477.45,331308500253.27,297124961971.5,282995942006.56,242029307133.41,238907690051.13,235458133124.61,195683527003.38,193148146586.93,199844406013.53,212049447242.11,205144152830.85,188835201625.91,216240589485.26
Grenada,GDP (current US$),520044370.37,520444185.19,540336925.93,591018407.41,599118592.59,695555555.56,698700666.67,758683592.59,825976037.04,771275555.56,771013259.26,778655925.93,799882259.26,842620111.11,911497407.41,997007925.93,1061640740.74,1125685185.19,1166523555.56,1213485185.19,1043411111.11,1122083185.19
Guatemala,GDP (current US$),19288827158.9,18405203853.1,20444205991.03,21576351798.91,23577286226.64,26783543667.06,29744368110.91,33567868322.63,38503862830.69,37125943564.99,40676432028.59,46876114650.5,49593961141.75,52996540703.59,57852399963.79,62186186575.74,66053725049.01,71654134378.53,73208583758.91,77020015201.32,77604632620.65,85986321551.24
Guinea,GDP (current US$),2995361140.63,2829435956.52,2950198648.95,3446441698.01,3635458132.65,2937071767.26,4220019242.75,6281917655.9,6964179193.84,6716904568.76,6853467857.61,6785137172.77,7638045254.43,8376613843.27,8778473614.55,8794202443.67,8595955581.22,10324668266.59,11857030336.53,13442861443.75,14169626010.12,15850520383.99
Guinea-Bissau,GDP (current US$),371095510.05,392621385.89,417806667.08,477458598.71,532062927.38,587029054.44,592365688.05,696910810.92,868154708.52,830126469.99,849878424.23,1099818651.98,989271229.64,1046087417.97,1054915645.2,1048229629.42,1179004941.23,1350177127.55,1504630120.99,1439638443.38,1431758242.9,1638517533.17
Guyana,GDP (current US$),712667896.73,712167575.62,726131434.72,743064076.79,787814379.18,824880550.34,2379818382.99,2730971150.01,3025187923.59,3165663152.73,3432913073.24,3691384317.52,4063089191.88,4167800259.21,4127659492.02,4279840193.7,4482697336.56,4748174334.14,4787636237.24,5173760191.85,5471256594.72,7409179920.86
Haiti,GDP (current US$),6813577558.18,6331961555.41,6058134466.75,4826827577.09,6036959914.72,7184064657.3,7518107786.51,9522763153.81,10485225353.18,11597014807.35,11859315078.79,13008754110.81,13708926466.27,14902474090.62,15139264670.42,14833154471.75,13987693738.92,15035560372.64,16455034352.77,14785839382.9,14508218017.4,20944392615.08
Honduras,GDP (current US$),7186650135.44,7651174661.43,7858235333.48,8230387552.23,8869311410.95,9757034456.76,10917481688.47,12361257680.56,13881701033.65,14587496229.18,15839344591.98,17710315006,18528601901.32,18499710127.84,19756494434.7,20979767785.21,21717622071.38,23136232229.61,24067778953.84,25089976946.77,23827840809.7,28488668301.64
Hong Kong (China),GDP (current US$),171668164082.56,169403241524.34,166349228737.39,161384522525.3,169099768875.19,181570082162.19,193536265094.36,211597405593.87,219279678430.16,214046415026.19,228637697575.04,248513617677.29,262629441493.48,275696879834.97,291459356985.34,309383627028.56,320858250776.19,341273289534.47,361731070995.73,363052489184.4,344881400505.34,368139247671.49
Hungary,GDP (current US$),47218405892.43,53749989092.02,67608919144.37,85302003908.04,104141042625.79,113236711635.54,115751266695.19,140227560615.12,158374419641.02,131114229049.18,132231134158.61,141999960209.89,128857370476.63,135732595721.85,141078984816.68,125210324613.14,128636108315.47,143136245596.99,160586833778.46,163526491433.29,156743134665.96,182280517581.21
Iceland,GDP (current US$),9025660361.76,8234846804.61,9318395054.86,11429333037.84,13825302535.77,16852963067.05,17465318552.29,21652505596.75,18074622987.02,13154414219.21,13751161917.74,15221622925.93,14751508133.54,16125060515.31,17867662177.89,17517210519.09,20793168030.95,24728285177.46,26267063757.55,24857740445.04,21718075725.21,25458933915.87
India,GDP (current US$),468394937262.37,485441014538.64,514937948870.08,607699285433.87,709148514804.66,820381595512.9,940259888792.14,1216735441524.86,1198895582137.51,1341886602798.69,1675615335600.56,1823049927771.46,1827637859135.7,1856722121394.53,2039127446298.55,2103587813812.75,2294797980509.01,2651472946374.91,2702929718960.46,2831552222519.99,2667687951796.56,3173397590816.91
Indonesia,GDP (current US$),165021012077.81,160446947784.91,195660611165.18,234772463823.81,256836875295.45,285868618224.02,364570514304.85,432216737774.86,510228634992.26,539580085612.4,755094160363.07,892969107923.09,917869910105.75,912524136718.02,890814755233.23,860854235065.08,931877364177.74,1015618742565.81,1042271531011.99,1119099868265.25,1058688935454.78,1186092991320.04
Iran,GDP (current US$),109591707802.22,126878750295.94,128626917503.72,153544751395.43,190043433964.84,226452138291.54,266298911661.14,349881601458.56,412336172446.85,416397025729.36,486807615326.15,626133114526.81,644035510447.9,492775565649.56,460382791826.34,408212918053.94,457954614142.54,486630146443.62,330991589888.99,291362916336.42,231547571240.47,
Ireland,GDP (current US$),100207610429.91,109346669229.7,128596035288.4,164670771259.6,194372115041.07,211876989655.91,232180617162.28,270079279419.5,275447471451.06,236443115853.7,221876011283.5,238975558966.53,225496810956.67,238279269750.99,258969649063.72,291580037584.33,298928152644.69,335430829594.03,385041711506.23,399122063504.15,425888950992,498559576714.72
Isle of Man,GDP (current US$),1563667799.62,1659131243.74,1947332921.75,2328658227.85,2822358473.17,3032400000,3422651333.95,4466100440.18,5928420955.88,5487083657.89,5920177688.5,6566098381.67,6690725118.48,7000748788.49,7708834951.46,7085288006.11,6846691871.46,6979581724.58,7491969312.88,7315388052.08,,
Israel,GDP (current US$),132455662080.3,130816321183.16,121148475241.67,127046633802.51,135571348058.9,142657069099.98,154145495309.48,179161786957.47,216711549609.81,207953439208.61,234654589559.97,262293871093.06,258417104163.53,294167366504.27,310944937638.44,300078278118.43,319024417316.89,355277223507.49,373641241440.79,397934596952.56,407100736594.06,481591266133.41
Italy,GDP (current US$),1146676894209.73,1168023426056.38,1276769338449.3,1577621707050.51,1806542968545.56,1858217147203.73,1949551719389.64,2213102482751.46,2408655348718.59,2199928804118.63,2136099955236.67,2294994296589.5,2086957656821.6,2141924094298.56,2162009615996.54,1836637711060.55,1877071687633.78,1961796197354.36,2091932426266.98,2011285742552.15,1892574064222.11,2099880198258.88
Jamaica,GDP (current US$),9005064474.93,9194717836,9719017925.93,9430230564.47,10174664853.95,11243868485.74,11930171468.38,12799593017.71,13709402085.32,12120460872.8,13220556882.7,14444655299.88,14807086889.21,14264202737.31,13899228824.22,14188935947.57,14077109396.86,14808989993.32,15730793852.79,15830768549.89,13812425036.59,13638230995.68
Japan,GDP (current US$),4968359075956.59,4374711694090.87,4182846045873.61,4519561645253.53,4893116005656.56,4831467035389.8,4601663122649.92,4579750920354.81,5106679115127.3,5289493117993.89,5759071769013.11,6233147172341.35,6272362996105.03,5212328181166.18,4896994405353.29,4444930651964.18,5003677627544.24,4930837369151.42,5037835383110.97,5123318151510.62,5040107754084.11,4937421880461.55
Jersey,GDP (current US$),,,,,,,,,,,,,,,,,,,,,,
Jordan,GDP (current US$),8460424400.56,8975689844.85,9582453032.44,10195660789.84,11411390409.03,12588665303.24,15056929760.23,17110587447.11,22657662392.56,24537876056.34,27133804225.35,29524149154.93,31634561690.14,34454440140.85,36847643521.13,38587017887.32,39892551126.76,41408960845.07,42932112676.06,44502895915.49,43697659295.77,45243661971.83
Kazakhstan,GDP (current US$),18291994909,22152694161.89,24636593223.35,30833699702.76,43151647002.61,57123671733.9,81003884545.41,104849886825.58,133441612246.8,115308661142.93,148047348240.64,192626507971.58,207998568865.79,236634552078.1,221415572819.5,184388432148.72,137278320084.17,166805800595.7,179339994859.38,181667190075.54,171082379532.99,190814274226.21
Kenya,GDP (current US$),12705357103.01,12986007425.88,13147743910.72,14904517649.85,16095337093.84,18737897744.79,25825524820.81,31958195182.24,35895153327.85,42347217912.92,45405587556.73,46869457318.25,56396706005.94,61671425370.02,68285768554.47,70120413328.78,74815121314.94,82035800868.19,92202956320.53,100379713697.42,100666542665.72,110347079517.36
Kiribati,GDP (current US$),67254174.4,63101272.37,72196457.68,90231856.8,102367039.27,112133944.25,110234939.76,132671742.95,141042610.3,132419903.29,155299728.49,180665807.22,189630114.86,184550740.14,177862310.35,170291001.98,178509814.06,188192060.09,196230573.82,177935349.32,180911843.64,
Kuwait,GDP (current US$),37712842242.5,34887512226.93,38137545245.15,47876510067.11,59439090600.61,80798630136.99,101548931771.19,114639690358.9,147395089285.71,105963168867.27,115419399860.43,154068115942.03,174070382279.39,174161142454.16,162631412508.78,114567298105.68,109419728566.7,120707435542.37,138182400493.59,136196760180.98,105960225688.15,
Kyrgyz Republic,GDP (current US$),1369688498.07,1525116370.28,1605643104.73,1919008090.5,2211534585,2460248026.18,2834168889.42,3802566170.82,5139957784.91,4690062255.12,4794357795.07,6197766118.6,6605139933.41,7335027591.92,7468096566.71,6678178340.45,6813092065.84,7702934800.13,8271108638.4,8871026074.2,7780874536.66,8543423502.61
Lao People's Democratic Republic,GDP (current US$),1731198022.45,1768619058.35,1758176653.08,2023324407.3,2366398119.88,2735558726.26,3455031447.6,4223152219.24,5446434031.69,5836138127.07,7131773632.71,8750107401.58,10192848926.26,11983252611.27,13279248478.82,14426381187.09,15912495368.87,17071162084.41,18141651381.39,18740559554.16,18981800705.08,18827148530.02
Latvia,GDP (current US$),7958852838.93,8362398701.59,9557031605.28,11771975156.81,14435700533.37,17003459863.1,21570076498.62,31054350977.98,35854274228.91,26410909090.91,23956163076.56,27474380566.27,28169902669.38,30204783461.85,31386896487.04,27263090547.06,28083597512.48,30483806017.83,34429023435.02,34308783825.3,33645460617.24,38872546228.57
Lebanon,GDP (current US$),17260364842.45,17649751243.78,19152238805.97,20082918739.64,21159827992.04,21497336498.97,22022709851.54,24827355014.66,29118916105.61,35399582928.62,38443907042.32,39927125961.19,44016799515.82,46880103080.66,48095213746.47,49929337837.08,51147308773.93,53027680685.84,54901519155.62,51605959131.34,25948915861.2,18076624840.18
Lesotho,GDP (current US$),887295267.88,825706961.24,775780697.68,1157832934.55,1511236655.52,1682350934.85,1800105589.6,1682016947.23,1766825412.77,1740830510.87,2234731973.55,2579421686.25,2477702252.8,2367113170,2441053175.71,2359759799.04,2114020380.42,2306185361.15,2514146887.92,2451257578.69,2250717718.47,2518468891.04
Liberia,GDP (current US$),874000000,906000000,927000000,748000000,897000000,949000000,1119000000,1373000000,1726000000,1768000000,1998000000,2398000000,2791614000,3177198100,3225652000,3227075700,3398419600,3390703400,3422754800,3319596500,3039982540,3486741370
Libya,GDP (current US$),38270206950.41,34110064452.16,20481889763.78,26265625000,33122307692.31,47334148578.42,60092950669.91,68035403136.39,86708074534.16,60810211408.06,75380170508.37,48167374611.99,92538004279.94,75350633010.93,57372445771.77,48717854039.97,49910960874.57,67158415841.58,76684175824.18,69252306372.02,52320215472.09,41879579677.17
Liechtenstein,GDP (current US$),2483953102.79,2491822706.8,2688630822.53,3070691319.52,3454362685.97,3659251525.86,4000239272.61,4601299566.81,5081432924.01,4504549214.23,5082366478.09,5739977477.48,5456009384.66,6391735893.84,6657170923.38,6268391521.2,6237264055.21,6474256118.61,6692504346.05,6427248943.45,,
Lithuania,GDP (current US$),11524776866.64,12237388001.73,14259781159.01,18781721376.2,22627507451.56,26097677571.84,30183575103.53,39697891351.94,47797551587.88,37388122046.15,37128694028.24,43535051482.39,42927454291.48,46523420074.44,48533659592.17,41435533340.39,43047309305.74,47758736931.78,53750911865.69,54697379017.33,56546957475.49,65503849704.6
Luxembourg,GDP (current US$),21230182989.3,21387533703.23,23649833332.17,29667268248.13,35064843792.9,37672280120.48,42910146296.06,51587401415.79,58844277701.53,54467289897.56,56213985987.42,61696281326.25,59776383527.36,65203276466.98,68804811897.64,60071584216.14,62216885435.95,65712180342.98,71285019397.41,70195715495.51,73353132793.71,86710803337.1
Madagascar,GDP (current US$),4629247090.98,5438332738.1,5351701534.16,6372498719.85,5064732715.73,5859269849.15,6395712392.24,8524620739.24,10725137930.83,9616879571.46,9982711338.12,11551819617.63,11578974887.96,12423555269.39,12522957228.18,11323020828.58,11848613735.19,13176313593.55,13614412550.88,14191911512.05,13225591803.62,14637400395.69
Malawi,GDP (current US$),1743506531.33,1716502862.3,3495748397.63,3208837077.25,3476094498.88,3655909664.14,3998020176.67,4432937045.8,5321012192.34,6191127665.2,6959655570.89,8004000737.31,6028487928.83,5518880768.58,6047813437.32,6373212640.85,5433040159.89,8943543677.19,9880676218.83,11025370768.81,12172128469.57,12626718073.74
Malaysia,GDP (current US$),93789736842.11,92783947368.42,100845526315.79,110202368421.05,124749473684.21,143534102611.5,162691238209.48,193547824063.3,230813897715.69,202257625195.06,255016609232.87,297951960784.31,314443149443.15,323277158906.98,338061963396.38,301354803994.37,301255380276.26,319112136545.44,358791513221.48,365276379480.99,337006023789.7,372701358820.26
Mali,GDP (current US$),2961484953.73,3468337941.09,3908121309.86,4714071978.29,5454249122.71,6247515892.3,6905934219.29,8156468818.01,9838403090.96,10231962382.78,10689168011.44,12995112698.01,12442035328.04,13242690790.06,14364937127.7,13104764378.71,14026048334.21,15365713059.11,17070867577.67,17280250805.22,17465392779.04,19143741503.15
Malta,GDP (current US$),4069515579.07,4088368978.35,4470446391.45,5448415500.17,6098092551.07,6416184181.07,6778324049.68,7925371475.5,9090406767.25,8696366907.47,9035932122.5,9638916481.07,9462238211.49,10551661176.78,11626281387.01,11091434483.52,11668286794.86,13505056441.52,15301279478.21,15719500920.54,14917038504.29,17189730469.56
Marshall Islands,GDP (current US$),115347500,122824000,131738200,131398500,132440200,136559500,141515800,148346700,151898900,149769600,160407100,172188500,180436300,184840400,182142800,183814300,201510900,213204100,221588900,239462200,244462400,248665600
Mauritania,GDP (current US$),1779523344.34,1746064718.79,1777058592.99,2051147606.74,2362501023.24,2936019525.6,3919577285.93,4346206808.54,5206444406.66,4714592492.93,5628878865.99,6764627665.69,6728208836.22,7223071177.16,6592537781.82,6166863960,6398747531.6,6800135961.61,7352533585.59,7889655284.47,7915985513.7,8227580740.5
Mauritius,GDP (current US$),4663313620.02,4613630622.78,4841310239.64,5816553826.86,6578844486.06,6488750452.6,7028803365.7,8150138757.16,9990370016.31,9128843109.16,10003670690.35,11518393367.24,11668685524.13,12129642296.44,12803445933.59,11692287066.38,12232463655.57,13259351418.45,14181951058.51,14045808843.22,10926820603.4,11156657769.7
Mexico,GDP (current US$),707906744574.64,756706300589.79,772106378935.38,729336319677.45,782240601984.76,877476221382.1,975387131716.09,1052696282278.87,1109989063586.62,900045350649.35,1057801295584.05,1180489601957.61,1201089987015.45,1274443084716.57,1315351183524.54,1171867608197.72,1078490651625.31,1158913035796.37,1222408203104.3,1269404276770.7,1087117783073.31,1293037866360.17
Micronesia,GDP (current US$),233271800,240970900,242517200,245432900,240236000,250281900,253541900,256787200,263145100,280284600,296944100,311301600,327248700,317214400,319271200,316489900,332265200,366666800,401932300,412479413.36,407515927.98,404178049.75
Moldova,GDP (current US$),1288429391.8,1480673594.06,1661818168.42,1980907434.77,2598249555.9,2988348836.47,3408244549.2,4401189466.14,6054849884.53,5439422031.4,6974982392.67,8414351671.96,8709138764.76,9496717702.45,9510198961.57,7745241912.95,8071469355.25,9669741744.22,11457443185.05,11971345002.78,11859730543.55,13679221333.21
Monaco,GDP (current US$),2647885848.54,2718868306.01,2968987019.23,3601321064.55,4137913500,4203084193.51,4582988332.71,5867916780.73,6476490405.74,5451653237.01,5367625613.15,6088808463.25,5743029680.07,6555983530.35,7069616048.89,6261622101.41,6472990923.18,6431314957.07,7194024563.06,7383745662.15,6816219303.26,
Morocco,GDP (current US$),38857251336.34,39459581217.38,42236836820.62,52064058833.97,59626020162.38,62343022650.87,68640825480.92,79041294874.46,92507257783.57,92897320375.82,93216746661.6,101370474295.11,98266306615.36,106825649872.11,110081248587.37,101179808076.36,103311649248.02,109682728023.11,118096227400.09,119870439113.66,114725065285.15,132725261467.43
Mozambique,GDP (current US$),5656473652.41,5398568543.63,5677003239.29,6303391143.83,7631120533.36,8542070109.71,9176889070.42,10450843291.29,12556195188.6,11914471497.15,11104649065.16,14381552466.6,16350813486.99,16974314296.22,17716091057.27,15950979333.16,11936993086.96,13219079497.71,14845400592.67,15390031040,14028811071.76,16095828896.63
Myanmar,GDP (current US$),6849321645.96,6220270632.34,6110632857.67,7754647428.07,9390855297.74,10588433068.85,11863016315.29,15591182544.71,23013015832.1,29455165594.69,37796052938.73,54118601974.79,58318677644.95,60572257122.3,63264892768.37,63045305229.1,60291736893.94,61449392056.15,67144725830.58,68697759361.23,78930257227.09,65067808984.68
Namibia,GDP (current US$),3922247989.86,3557333364.31,3349184760.03,4926471294.3,6609198832.76,7248394160.36,8001779551.06,8839526451.58,8607475308.12,8938868165.39,11431334447.43,12523402328.77,13042007432.45,12043276397.17,12435416060.28,11335179562.02,10721994676.66,12895153160.47,13682062249.22,12543203410.69,10562637375.59,12236250784.13
Nepal,GDP (current US$),5494252207.91,6007055042.18,6050875806.66,6330473096.54,7273938314.72,8130258041.47,9043715355.89,10325618017.38,12545438605.4,12854985464.08,16002656434.47,21573862466.83,21703106501.97,22162208956.14,22731602969.97,24360795410.64,24524098184.65,28971589213.22,33111525871.95,34186190995.96,33433670511.94,36288830373.41
Netherlands,GDP (current US$),417479337444.71,431586852369.69,473861980070.98,580070360701.96,658380081545.18,685348181515.95,733955269898.82,848558887541.18,951869997864.06,871518638049.22,847380859016.67,905270626332.69,838923319919.53,877172824534.51,892167986713.72,765572770634.38,784060430240.08,833869641687.06,914043438179.61,910194347568.63,913865395789.89,1018007056949.6
New Zealand,GDP (current US$),52623281956.7,53872425916.62,66627729311.45,88250885550.26,103905210084.03,114720129550.1,111538810712.67,137188946865.58,133131369930.41,121373602348.68,146517541181.25,168291357111.74,176206659722.52,190906575136,201313497220.92,178064471137.92,188838342527.98,206623758800.16,211953111035.51,213434571357.98,211734532308.01,249991512236.53
Nicaragua,GDP (current US$),5107329007.09,5323146565.7,5224213017.54,5322454925.85,5795568204.65,6321335612.22,6763361732.88,7423313548.53,8496946608.23,8298679908.55,8758639096.48,9774307336.24,10532006608.14,10982979274.19,11880434070.78,12756706583.31,13286083644.88,13785909906.19,13025239912.28,12596636042.23,12586941392.63,14013022092.06
Niger,GDP (current US$),2241753120.21,2448714680.56,2782192986.96,3394084884.67,3760443965.73,4383315656.99,4756361479.99,5731485267.33,7297600896.86,7352131669.29,7851191899.34,8772951261.82,9426913349.22,10224897934.72,10862944203.56,9683867893.68,10398862244.97,11185102399.58,12808660528.06,12916455161.11,13741378450.14,14950949875.27
Nigeria,GDP (current US$),69448756932.58,74030364472.05,95385819320.57,104911947834.12,136385979322.44,176134087150.34,236103982431.64,275625684968.62,339476215683.59,295008767295.04,361456622215.72,404993594133.58,455501524575.5,508692961937.49,546676374567.72,486803295097.89,404650006428.61,375746469538.67,397190484464.31,448120428858.77,432293776262.4,440776971536.02
North Macedonia,GDP (current US$),3772857145.02,3709637829.95,4018365247.44,4946292774.79,5682788267.13,6258600713.83,6861222331.96,8336478142.09,9909548410.83,9401731495.72,9407168702.43,10494632699.39,9745251126.01,10817712138.95,11362272837.88,10064515432.03,10672471860.72,11307058382.34,12683070061.47,12606338448.55,12116981815.23,13879269151.57
Norway,GDP (current US$),171247131268.6,173972218824.03,195524186477.62,228858506821.84,264511630666.98,308884284051.22,345581369965.54,400937100158.66,462250000000,386190385318.77,428757038466.84,498283438454.28,509506317146.54,522761531914.89,498410050251.26,385801550067.17,368827142857.14,398393955268.99,436999692591.45,404941363636.36,362198318435.26,482437019790.45
Oman,GDP (current US$),19507452535.76,19452000520.16,20142756046.81,21633708192.46,24763712873.86,31081991677.5,37215779713.91,42085379453.84,60905452535.76,48388363589.08,64993498049.41,77497529258.78,87408842652.8,89936020806.24,92699089726.92,78710793237.97,75128738621.59,80856697009.1,91505851755.53,88060858257.48,73971391417.43,85868626527.96
Pakistan,GDP (current US$),82017743416.28,79484403984.88,79904985384.87,91760542940.07,107759683863.12,120055291992.94,137264061106.04,152385716311.92,170077814106.31,168152775283.03,177165635077.07,213587413184,224383620829.57,231218567178.98,244360888750.81,270556131701.17,313629858859.59,339205615769.19,356128224957.09,320909489229.72,300306331697.67,346343170486.07
Palau,GDP (current US$),146297500,156907900,163184900,153963200,165186200,190452900,192382400,198897700,198283900,187522800,185943000,196911100,212397800,221117200,241669800,280457700,298300000,285300000,284700000,274200000,257700000,
Panama,GDP (current US$),12304115000,12502013400,12994310400,13693981200,15013381700,16374393900,18141666300,21295984200,25155888600,27116635600,29440287600,34686224300,40429734400,45599994000,49921464400,54091713800,57907695400,62202725200,64929409200,66984427200,53977037000,63605065800
Papua New Guinea,GDP (current US$),3521339699.07,3081024212.43,2999511040.2,3536411824.3,3927157866.96,4865892972.28,8355006706.58,9545177014.13,11670840931.82,11619637798.99,14250755231.13,17984910501.9,21295659243.62,21261432791.27,23210682538.39,21723531173.24,20759069103.1,22742613553.69,24109509852.74,24751344560.89,24667052023.12,26594277245.78
Paraguay,GDP (current US$),8855705139.56,8495806432.18,7196260656.85,7691367471.18,9624440836.29,10737500188.11,13429430050.26,17856393235.43,24615276689.86,22355161514.35,27129301212.18,33737052170.49,33296438306.47,38651334287.67,40377987208.69,36211372702.81,36089550659.09,38997129473.56,40225448340.63,37925338329.16,35432178068.18,38986810989
Peru,GDP (current US$),51744749133.21,52030158775.41,54777553515.08,58731030121.87,66768703497.57,76060606060.61,88643193061.75,102170981144.14,120550599815.44,120822986521.48,147528937028.78,171761737046.59,192648999090.08,201175469114.33,200789362451.57,189805300841.6,191895943823.89,211007207483.52,222597212925.21,228323495040.9,201705055938.65,223249497500.39
Philippines,GDP (current US$),83669693589.15,78921234457.55,84307291973.82,87039145965.28,95002028504.69,107419961717.69,127652859201.04,155980378253.63,181624577154.68,175974711592.15,208368726861.41,234216930369.8,261920509950.56,283902728260.72,297483247101.04,306446140628.71,318626761492.87,328480867142.69,346842094175.24,376823278561.2,361751116292.54,394086419343.06
Poland,GDP (current US$),172219461126.07,190905493539.17,199072058823.53,217827260805.84,255110181539.81,306144336269.51,344622003093.58,429028505365.08,533609081852.9,439737508413.19,479834179020.33,528301269069.8,498523568248.12,521016262734.92,542477096211.76,477811911394.08,472630364208.18,526508877305.32,587411745161.56,597280564671.56,596624355719.67,674048266397.37
Portugal,GDP (current US$),118605192877.39,121604107165,134795565549.42,165226175536.79,189382122532.17,197253876704.92,208756449275.85,240496147317.38,263416394624.08,244667762835.54,238113003233.28,245117990242.25,216224240577.96,226433858005.71,229901964221.88,199394066525.44,206426152308.93,221357874718.93,242313116577.97,239986922638.9,228539245045.34,249886464354.75
Qatar,GDP (current US$),17759890109.89,17538461538.46,19363736263.74,23533791208.79,31734065934.07,44530494505.49,60882142857.14,79712087912.09,115270054945.06,97798351648.35,125122306346.15,167775268614.04,186833502362.13,198727642979.3,206224598564.62,161739955577.75,151732181857.11,161099122215.31,183334953813.21,175837550996.19,144411363345.27,179570783550.55
Romania,GDP (current US$),37253259017,40394824679.12,46066101951.29,57806506024.1,74972669056.59,98452791982.7,122022997508.01,174585202805.23,214313628965.02,174103695930.21,166309355234.59,183326740143.02,170635805316.88,190801346194.3,199959363430.07,177729210874.5,188128818486.4,211695422578.66,241457403085.04,249881592298.07,249511333647.5,284087563695.8
Russian Federation,GDP (current US$),259710142196.94,306602070620.5,345470494417.86,430347770731.79,591016690742.8,764017107992.39,989930542278.7,1299705764823.62,1660846387624.78,1222644282201.86,1524917468442.01,2045925608274.37,2208295773643.15,2292473246621.08,2059241965490.83,1363481063446.77,1276786979221.81,1574199387070.9,1657329646183.62,1693113904262.89,1488321875489.74,1775799919352.98
Rwanda,GDP (current US$),2067579822.44,1965500949.34,1964832511.93,2137156726.9,2375376873.11,2932340855.32,3318107347.28,4068224991.09,5177230923.29,5671592572.2,6121529488.49,6881379761.84,7650671476.95,7815975293.67,8234762201.04,8539424910.08,8690878327.95,9252834120.39,9642440645.81,10356327149.43,10184345442.17,11070356519.48
Saint Lucia,GDP (current US$),932592592.59,892592592.59,900000000,987407407.41,1066666666.67,1135555555.56,1268319185.19,1336088814.81,1437731111.11,1401507888.89,1486758037.04,1576988407.41,1605146777.78,1664816740.74,1755130814.81,1808079888.89,1865513429.63,1996771440.74,2065127262.96,2118791548.15,1616772748.15,1764901133.33
Saint Vincent and the Grenadines,GDP (current US$),427946038.69,462072315.6,487763848.93,509090899.07,549900170.1,579948909.32,643501156.91,713596662.15,732663263.52,714300243.78,720447880.16,713796368.7,730032600.11,764781242.71,770901436.44,786554580.8,814302267.07,847620214.76,884328180.53,910149698.91,872134546.8,889775243.38
Samoa,GDP (current US$),258856138.71,266299603.52,281793614.91,333428714.37,407749576.87,476801791.15,499923741.37,573548460.43,641346174.9,628006123.27,663161528.41,737401684.08,760549577.7,770059564.97,756805950.23,788307314.85,799493897.54,832025556.08,821286938.9,852007104.66,807147527.62,788389971.6
San Marino,GDP (current US$),1005159388.24,1077413479.05,1168269230.77,1464326160.82,1723750000,1785847531.4,1908167105.76,2185874623.6,2393437820.42,2056126701.86,1881214370.94,1813752783.96,1604779647.95,1678841811.66,1673973694.7,1419394763.12,1468377241.53,1528630704.93,1655300897.5,1616231696.05,1544713784.68,
Sao Tome and Principe,GDP (current US$),,75951210.69,85171308.17,102085583.47,114582561.63,136450274.67,142775597.26,149146423.08,188021190.59,187820464.57,196652514.27,231489270.14,250680845.75,300554483.61,346528329.18,316066072.34,345495614.98,375614126.19,412253809.73,427425039.68,472914469.92,547092915.04
Saudi Arabia,GDP (current US$),189514926213.33,184137469733.33,189605920240,215807655253.33,258742263040,328459700114.76,376900135727.64,415964583055.37,519796738640,429097899280,528207332649.54,671238840108.23,735974843348.66,746647127407.62,756350347320.38,654269739552.02,644935682011.48,688586094412.68,816578674529.14,803616264791.02,703367841222.56,833541236569.32
Senegal,GDP (current US$),6013184809.24,6507824767.06,7006402592.45,8768721956.33,10076817278.1,11009032665.39,11697918802.79,13994218939.24,16853991176.91,16145868284.56,16121314670.97,17814284622.17,17660871726,18918668644.19,19797254643.12,17774766636.05,19040312815.13,20996564751.6,23116897847.05,23398811423.58,24493157583.23,27625388352.17
Serbia,GDP (current US$),6875845986.52,12960538723.76,17120906918.35,22482365321.77,26141968161.09,27683225959.25,32482070360.32,43170990616.47,52194221468.5,45162894380.93,41819468691.83,49258136128.97,43309252921.06,48394239474.68,47062206677.65,39655958842.55,40692643373.03,44179055279.89,50640650221.46,51514222381.84,53335016425.41,63068134601.13
Seychelles,GDP (current US$),614879764.78,622262057.19,697518248.18,705704816.04,839319927.27,919103254.55,1016418229.25,1033561654.06,967199593.96,847397850.09,969940010.25,1065823923.14,1059496470.22,1328089686.37,1387577763.19,1415998663.05,1490226453.96,1573428277.12,1636310049.4,1684228528.67,1200634489.35,1320053793.04
Sierra Leone,GDP (current US$),635874002.2,1090467712.31,1253340519.53,1385810072.19,1448536630.88,1650494367,1885112201.85,2158496872.86,2505458705.03,2453899846.88,2578026297.16,2942546781.05,3801862611.36,4920343194.99,5015157815.73,4218723875.14,3674794530.19,3719369107.35,4085114794.22,4076578542.56,4063289449.59,4200380124.33
Singapore,GDP (current US$),96074477958.24,89794943349.89,92537752708.59,97645448283.78,115035498757.54,127807618360.97,148630373214.17,180941941477.01,193611986712.84,194152286008.94,239809387605.43,279351168707.27,295087220933.02,307576360584.99,314851156183.41,308004146057.61,318832428519.73,343193352161.63,376998146500.59,375472731271.08,345295933898.67,396986899888.35
Slovakia,GDP (current US$),,,,,,,,,,,,,,,,,,,,,,
Slovenia,GDP (current US$),20289627636.68,20876309970.39,23489890274.31,29634713641.1,34414784504.24,36206395970.65,39481045038.26,48067401207.4,55779427739.66,50567734885.96,48208240226.45,51583869785.18,46577793184,48415657264.88,49997186439.09,43107506024.33,44766722790.58,48589100043.1,54163591695.32,54178877606,53589609580.71,61526331889.5
Solomon Islands,GDP (current US$),419845231.78,409507389.16,346405301.68,352531728.37,397557524.02,476836691.06,538614679.02,620211238.89,699203616.46,735997355.68,846767635.94,1049889691.54,1191045573.2,1284763287.27,1335584911.8,1307082934.29,1378543909.31,1483793468.06,1574622018.23,1570093229.26,1545888426.23,1645213881.62
South Africa,GDP (current US$),151753369491.92,135429607036.66,129088132201.85,197020241490.08,255806631391.55,288868489078.99,303860874149.01,333075462599.71,316132138757.08,329753048857.05,417365076968.26,458201514136.98,434400545085.81,400886013595.57,381198869776.11,346709790458.56,323585509674.48,381448814653.46,404842116738.07,387934574098.17,335442101366.42,419946428126.01
South Korea,GDP (current US$),576178114168.49,547658231279.87,627246081417,702717332012.99,793175007858.07,934901071332.98,1053216909887.56,1172614086539.86,1047339010225.25,943941876218.74,1144066965324.49,1253223044718.99,1278427634342.59,1370795199976.18,1484318219633.63,1465773245547.15,1500111596236.37,1623901496835.79,1724845615629.26,1651422932447.77,1637895802792.9,1798533915091.14
Spain,GDP (current US$),598363313494.9,627830029412.21,708756677088.63,907491523174.12,1069055675273.75,1153715822717.51,1260398977831.76,1474002579820,1631863493552.34,1491472923706.64,1422108199783.34,1480710495710.12,1324744314781.64,1355142585077.65,1371222712535.68,1195599995808.59,1232912963206.23,1312539279462.36,1420994142512.16,1393046093137.25,1281484640043.58,1425276586282.92
Sri Lanka,GDP (current US$),16330814179.98,15749753804.83,16536535647.08,18881765437.22,20662525941.3,24405791044.78,28279814924.59,32350248410.82,40713812309.73,42066217871.53,56725749221.9,65292753005.47,68434409315.11,74317806538.36,79356449840.58,80604080688.58,82401038709.54,87428128123.72,87963042340.77,83902574442.8,80969683537.45,84518830392.62
Sudan,GDP (current US$),12257418326.07,15716489369.93,18136839087.01,21355576672.54,26645490675.04,35182105414.39,45264519502.65,59440139774.81,64831935604.25,58316191440.37,74151186600.17,78403418360.46,63195499524.21,66026600235.45,76818327441.65,84985132167.22,102943741648.82,129717804934.61,32333780383.29,32338079165.29,26987563444.15,34326058557.44
Suriname,GDP (current US$),947671969.7,834279357.8,1093574468.09,1274190311.42,1484092538.41,1793388732.29,2626380435.18,2936612021.86,3532969034.61,3875409836.07,4368398047.64,4422276621.79,4980000000,5145757575.76,5240606060.61,5126291450.82,3317438910.83,3591623596.03,3996247906.2,3984483762.37,2884248048.49,2862131979.7
Sweden,GDP (current US$),262835454366.86,242395852494.41,266849061835.66,334337212322.08,385118044877.47,392218088878.78,423093437423.76,491252589217.02,517706149201.2,436537014293.55,495812558843.31,574094112972.73,552483727282.8,586841821796.89,581964017237.1,505103781349.76,515654671469.55,541018749769.1,555455371487.09,533879529188.45,541487151474.56,627437898887.29
Switzerland,GDP (current US$),279841151705.35,287226531168.52,310175772488.13,363063293977.87,405531321270.61,420544947799.55,443801905407.56,493537376707.76,570304197211.71,558199868578.26,603434493402.68,722038242134.62,692109693986.89,712748124222.61,734396591036.93,702149580770.9,695600652899.28,704478516963.86,735539301552.67,731767398052.88,752248045730.11,812866928867.47
Syrian Arab Republic,GDP (current US$),80590022271.71,86771314031.18,90558485523.39,95693808463.25,112863340757.24,134203830734.97,153799910913.14,180030111358.58,218089977728.29,224561692650.33,252518218262.81,73616694709.23,44117799606.71,22552466245.33,22075987601.93,17622064891.81,12453459334.72,16340665431.52,21445775363.86,,,
Taiwan (China),GDP (current US$),,,,,,,,,,,,,,,,,,,,,,
Tajikistan,GDP (current US$),860521119.3,1080768906.5,1221120798.81,1555301496.05,2076182460.87,2312327536.42,2830220713.07,3719506172.84,5161337336.4,4979481980.35,5642178579.58,6522732202.51,7633049792.09,8448469837.54,9112544556.06,8271454300.6,6992393787.41,7536439875.08,7765014424.34,8300784856.88,8133996647.9,8746270636.4
Tanzania,GDP (current US$),13375976353.7,13581644245.74,14142035080.28,15224257698.48,16675948414.76,18399046025.27,18649590248.26,21843529024.92,27941177434.51,29081425282.29,32014249841.42,34657139495.4,39650530214.33,45680532613.76,49964788814.09,47378599025.3,49774021003.07,53320625958.56,57003713610.76,61136873692.4,62409709110.95,67775101794.35
Thailand,GDP (current US$),126392233706.79,120296476180.4,134300851255,152280677649.06,172895749632.05,189318549680.38,221758196504.94,262942476722.43,291382991177.7,281710416557.29,341104820155.46,370819140946.55,397558222957.17,420333203150.43,407339454060.68,401296437425,413366150655.59,456356961443.5,506754616189.32,544081056184.7,499681757030.97,505981655622.31
Togo,GDP (current US$),1491891107.96,1482437752.06,1706698099.45,2115836353.12,2259992642.29,2281482855.47,2351584608.41,2662612348.44,3323677130.04,3379258564.97,3429461495.41,3872459249.75,3873308389.3,4321655656.33,4574986536.91,4180866177.04,6031632168.17,6395472574.41,7112200725,7220395247.74,7574636978.66,8413200567.62
Trinidad and Tobago,GDP (current US$),8154338232.96,8824873259.32,9008273720.93,11305459802.07,13280275123.04,15982282462.38,18369361094.39,21641620049.94,27871587349.54,19172165225.5,22157948396.2,25433011405.3,25781712702.86,27294453245.38,27642525749.35,25191551350.42,22373566809.82,23180107751.92,23820742956.97,23886216403.35,21392536137.77,21391802311.01
Tunisia,GDP (current US$),21473261837.02,22066031834.29,23142153759.58,27453007372.91,31183059012.44,32273007553.57,34377310293.01,38914078351.8,44860969077.19,43454935940.16,46206091937.96,48122744708.06,47311159485.24,48684187850.06,50271072627.67,45780128466.56,44360614525.14,42164007605.19,42685972269.45,41772900763.36,42514151614.28,46840042941.49
TÃ¼rkiye,GDP (current US$),274302959053.1,201751148417.1,240253216295.12,314592428076.49,408876042651.7,506308311476.63,557057829051.45,681337335021.87,770462156204.38,649272568774.19,776992599946.77,838762755164.18,880556375779.51,957783020853.03,938952628604.07,864316670330.88,869692960365.55,858996263095.86,778471901665.15,761004425605.41,719954821683.31,815271751724.42
Turkmenistan,GDP (current US$),2904662604.82,3534803921.57,4461978498.87,5977560877.44,6838351088.47,8103901996.37,10276674364.9,12664165103.19,19271523178.81,20214385964.91,22583157894.74,29233333333.33,35164210526.32,39197543859.65,43524210526.32,35799714285.71,36169428571.43,37926285714.29,40765428571.43,45231428571.43,,
Uganda,GDP (current US$),6193246837.1,5840503868.57,6178563590.89,6606884390.78,7939487473.86,9239221858.56,9977647644.7,11902564401.32,14440404021.49,25127805566.45,26673441667.28,27871725205.57,27305915761.29,28915786996.55,32612397758.46,32387183844.67,29203988814.9,30744473911.53,32927025573.43,35353060634.2,37600368180.94,40434701516.95
Ukraine,GDP (current US$),32375280320.58,39309580983.23,43956369917.02,52010238715.85,67220154164.32,89239370109.47,111884752475.25,148733861386.14,188111140643.99,121552777492.56,141209864408.49,169333048847.83,182592416468.53,190498811460.03,133503411375.74,91030959454.7,93355993628.5,112090530368.54,130891049796.88,153882982016.28,156617861448.58,200085537744.35
United Kingdom,GDP (current US$),1662127402027.54,1643908161796.46,1784076738609.11,2057093877551.02,2421814353716.59,2544829090909.09,2717059797608.1,3106182472989.2,2938882352941.18,2425798410967.44,2491110093454.18,2674891473843.81,2719158341005.79,2803291406029.93,3087165602962.86,2956573778737.76,2722851958486.23,2699016715111.39,2900791442554.06,2878673912414.44,2756900214107.32,3186859739185.02
United States of America,GDP (current US$),10250947997000,10581929774000,10929112955000,11456442041000,12217193198000,13039199193000,13815586948000,14474226905000,14769857911000,14478064934000,15048964444000,15599728123000,16253972230000,16843190993000,17550680174000,18206020741000,18695110842000,19479620056000,20527156026000,21372572437000,20893743833000,22996100000000
Uruguay,GDP (current US$),22823255801.84,20898788416.63,13606494599.43,12045631092.54,13686329890.12,17362857683.85,19579457966.05,23410572634.31,30366213119.29,31660911277.03,40284481651.9,47962439303.72,51264390116.49,57531233350.91,57236013086.12,53274304222.14,57236652490.17,64233966861.25,64515038268.14,61231149880.59,53560755046.57,59319547636.09
Uzbekistan,GDP (current US$),13760513969.31,11401421329.2,9687788512.8,10134453435.46,12030023547.88,14307509838.81,17330833852.92,22311393927.88,29549438883.83,33689223673.26,49765676402.45,60178909297.21,67517349212.06,73180036692.33,80845384375.12,86196265191.66,86138288615.12,62081323299.03,52633143808.18,59907674027.47,59894305352.9,69238903106.17
Vanuatu,GDP (current US$),272014693.05,257926881.72,262596597.8,314471328.07,364996869.13,394962552.34,439376794.09,516392922.51,590748237.02,592622502.36,670713208.08,770153304.15,747839697.75,758304466.25,772315721.27,730870581.67,780889605.9,880062103.05,914736985.43,936526267.62,896827873.11,983469256.85
Venezuela,GDP (current US$),,,,,,,,,,,,,,,,,,,,,,
Vietnam,GDP (current US$),31172518403.32,32685198735.31,35064105500.83,39552513316.07,45427854693.26,57633255618.27,66371664817.04,77414425532.25,99130304099.13,106014659770.22,147198853578.92,172595960457.83,195592471672.75,213710932339.11,233449971628.52,239257234710.76,257095955975.53,281353402175.24,308702086757.62,330391329475.73,343242570827.35,362637524070.97
Yemen,GDP (current US$),9652436179.65,9861560094.74,10694628091.67,11777966673.39,13872791658.55,16746344766.2,19061978586.13,21650532264.23,26910851361.76,25130274124.25,30906749533.22,32726417212.35,35401341663.04,40415235701.99,43228585321.33,42444495590.11,31317828583.59,26842231204.8,21606161066.21,21887614217.17,18840511908.25,21061691629.54
Zambia,GDP (current US$),3600683039.73,4094480988.12,4193845678.17,4901839731.27,6221077674.78,8331870169.15,12756858899.28,14056957976.26,17910858637.9,15328342303.96,20265559483.85,23459515275.58,25503060420.03,28037239462.71,27141023558.08,21251216798.78,20958412538.31,25873601260.84,26311590296.7,23308667781.23,18110631358.31,21203059080.35
Zimbabwe,GDP (current US$),6689957600,6777384700,6342116400,5727591800,5805598400,5755215200,5443896500,5291950100,4415702800,9665793300,12041655200,14101920300,17114849900,19091020000,19495519600,19963120600,20548678100,17584890936.65,18115543790.79,19284289739.05,18051170798.94,26217726717.34
